race,hispan,age_group_5yr,sex,n,weighted
1,0,0-4,1,43601,4324961
1,0,0-4,2,41412,4081400
1,0,5-9,1,49202,4822530
1,0,5-9,2,46448,4568310
1,0,10-14,1,52617,5100475
1,0,10-14,2,49797,4841163
1,0,15-19,1,60263,5538029
1,0,15-19,2,57324,5227359
1,0,20-24,1,53408,5700266
1,0,20-24,2,50217,5372415
1,0,25-29,1,54610,5786685
1,0,25-29,2,52454,5572025
1,0,30-34,1,62681,6202788
1,0,30-34,2,60431,6038997
1,0,35-39,1,63053,6230648
1,0,35-39,2,61723,6043174
1,0,40-44,1,62589,6089045
1,0,40-44,2,61214,5948458
1,0,45-49,1,57865,5513023
1,0,45-49,2,56801,5393799
1,0,50-54,1,66447,6154052
1,0,50-54,2,67196,6031657
1,0,55-59,1,72987,6332818
1,0,55-59,2,76865,6342744
1,0,60-64,1,86950,7196657
1,0,60-64,2,93451,7415706
1,0,65-69,1,87558,6433176
1,0,65-69,2,95348,6948251
1,0,70-74,1,76065,5499518
1,0,70-74,2,83954,6041094
1,0,75-79,1,57814,3956214
1,0,75-79,2,65581,4591136
1,0,80+,1,59656,4088412
1,0,80+,2,85466,5973223
1,1,0-4,1,2439,322839
1,1,0-4,2,2368,309580
1,1,5-9,1,2580,313582
1,1,5-9,2,2486,314190
1,1,10-14,1,2834,346028
1,1,10-14,2,2636,324327
1,1,15-19,1,3090,337478
1,1,15-19,2,3143,336319
1,1,20-24,1,2786,313864
1,1,20-24,2,2955,337867
1,1,25-29,1,2489,280654
1,1,25-29,2,2730,310180
1,1,30-34,1,2268,254970
1,1,30-34,2,2404,282180
1,1,35-39,1,1932,235851
1,1,35-39,2,2096,242903
1,1,40-44,1,1705,206477
1,1,40-44,2,1801,206306
1,1,45-49,1,1456,172226
1,1,45-49,2,1618,176466
1,1,50-54,1,1269,133068
1,1,50-54,2,1467,146613
1,1,55-59,1,1117,117423
1,1,55-59,2,1312,126607
1,1,60-64,1,1007,96832
1,1,60-64,2,1176,108691
1,1,65-69,1,878,76916
1,1,65-69,2,993,83952
1,1,70-74,1,661,53337
1,1,70-74,2,826,69643
1,1,75-79,1,460,39019
1,1,75-79,2,567,44835
1,1,80+,1,501,38108
1,1,80+,2,758,57713
1,2,0-4,1,384,50580
1,2,0-4,2,369,51221
1,2,5-9,1,424,53432
1,2,5-9,2,341,41954
1,2,10-14,1,414,50325
1,2,10-14,2,395,48216
1,2,15-19,1,405,49063
1,2,15-19,2,455,49616
1,2,20-24,1,406,48968
1,2,20-24,2,440,53900
1,2,25-29,1,404,48033
1,2,25-29,2,436,49454
1,2,30-34,1,380,43840
1,2,30-34,2,411,49416
1,2,35-39,1,354,43583
1,2,35-39,2,359,43153
1,2,40-44,1,292,37470
1,2,40-44,2,295,36634
1,2,45-49,1,251,32479
1,2,45-49,2,268,34322
1,2,50-54,1,228,26966
1,2,50-54,2,271,30659
1,2,55-59,1,208,22726
1,2,55-59,2,290,29548
1,2,60-64,1,215,22510
1,2,60-64,2,274,25272
1,2,65-69,1,165,17082
1,2,65-69,2,240,23520
1,2,70-74,1,131,12436
1,2,70-74,2,180,18487
1,2,75-79,1,99,9431
1,2,75-79,2,145,14372
1,2,80+,1,107,9103
1,2,80+,2,189,17028
1,3,0-4,1,167,21446
1,3,0-4,2,135,16697
1,3,5-9,1,146,17286
1,3,5-9,2,137,17068
1,3,10-14,1,131,14804
1,3,10-14,2,123,13162
1,3,15-19,1,177,16058
1,3,15-19,2,157,15479
1,3,20-24,1,154,15597
1,3,20-24,2,164,16923
1,3,25-29,1,186,21253
1,3,25-29,2,181,19108
1,3,30-34,1,173,21017
1,3,30-34,2,190,20539
1,3,35-39,1,156,19853
1,3,35-39,2,173,20272
1,3,40-44,1,110,12999
1,3,40-44,2,132,15072
1,3,45-49,1,121,13471
1,3,45-49,2,114,11276
1,3,50-54,1,146,18175
1,3,50-54,2,125,12189
1,3,55-59,1,131,13633
1,3,55-59,2,163,15492
1,3,60-64,1,140,14650
1,3,60-64,2,139,11811
1,3,65-69,1,86,7806
1,3,65-69,2,113,9877
1,3,70-74,1,105,9828
1,3,70-74,2,127,11071
1,3,75-79,1,80,6496
1,3,75-79,2,95,7098
1,3,80+,1,112,9748
1,3,80+,2,173,14644
1,4,0-4,1,831,117554
1,4,0-4,2,794,105768
1,4,5-9,1,901,113143
1,4,5-9,2,857,109243
1,4,10-14,1,923,117058
1,4,10-14,2,876,110775
1,4,15-19,1,1178,114552
1,4,15-19,2,1272,129822
1,4,20-24,1,1174,121889
1,4,20-24,2,1033,117335
1,4,25-29,1,1089,117416
1,4,25-29,2,1005,116132
1,4,30-34,1,1028,116284
1,4,30-34,2,972,119842
1,4,35-39,1,963,109751
1,4,35-39,2,852,101123
1,4,40-44,1,833,93658
1,4,40-44,2,738,89672
1,4,45-49,1,739,80636
1,4,45-49,2,680,74244
1,4,50-54,1,591,67956
1,4,50-54,2,691,77128
1,4,55-59,1,551,59348
1,4,55-59,2,608,60772
1,4,60-64,1,509,49825
1,4,60-64,2,577,53679
1,4,65-69,1,431,40564
1,4,65-69,2,477,40016
1,4,70-74,1,295,24833
1,4,70-74,2,384,32918
1,4,75-79,1,234,19480
1,4,75-79,2,306,28367
1,4,80+,1,250,21059
1,4,80+,2,431,34127
2,0,0-4,1,5764,1166040
2,0,0-4,2,5552,1121611
2,0,5-9,1,7011,1248198
2,0,5-9,2,6643,1219964
2,0,10-14,1,7907,1388504
2,0,10-14,2,7460,1305910
2,0,15-19,1,10551,1467772
2,0,15-19,2,9954,1364432
2,0,20-24,1,9806,1376874
2,0,20-24,2,8775,1378020
2,0,25-29,1,8908,1393797
2,0,25-29,2,7663,1426627
2,0,30-34,1,9763,1538258
2,0,30-34,2,8588,1597692
2,0,35-39,1,9072,1321154
2,0,35-39,2,8338,1396599
2,0,40-44,1,9013,1330811
2,0,40-44,2,8885,1464350
2,0,45-49,1,8485,1121616
2,0,45-49,2,8305,1256380
2,0,50-54,1,8996,1157146
2,0,50-54,2,9481,1275954
2,0,55-59,1,9587,1065389
2,0,55-59,2,10649,1224629
2,0,60-64,1,10328,1121886
2,0,60-64,2,12001,1320490
2,0,65-69,1,9231,893080
2,0,65-69,2,11515,1111621
2,0,70-74,1,6996,653027
2,0,70-74,2,9308,889789
2,0,75-79,1,4344,386963
2,0,75-79,2,6201,574807
2,0,80+,1,4166,360814
2,0,80+,2,7599,662725
2,1,0-4,1,115,16003
2,1,0-4,2,137,18729
2,1,5-9,1,132,18835
2,1,5-9,2,120,14830
2,1,10-14,1,129,15961
2,1,10-14,2,120,15865
2,1,15-19,1,165,18050
2,1,15-19,2,108,11304
2,1,20-24,1,128,14894
2,1,20-24,2,98,9925
2,1,25-29,1,86,10849
2,1,25-29,2,77,8448
2,1,30-34,1,61,8981
2,1,30-34,2,80,10664
2,1,35-39,1,50,5360
2,1,35-39,2,51,6081
2,1,40-44,1,36,4458
2,1,40-44,2,48,6594
2,1,45-49,1,29,2792
2,1,45-49,2,30,3035
2,1,50-54,1,25,2153
2,1,50-54,2,15,1866
2,1,55-59,1,15,1674
2,1,55-59,2,19,1608
2,1,60-64,1,8,866
2,1,60-64,2,15,1653
2,1,65-69,1,17,2040
2,1,65-69,2,18,1058
2,1,70-74,1,12,1157
2,1,70-74,2,13,1506
2,1,75-79,1,8,681
2,1,75-79,2,13,2000
2,1,80+,1,18,1073
2,1,80+,2,10,925
2,2,0-4,1,165,28756
2,2,0-4,2,113,19786
2,2,5-9,1,114,18834
2,2,5-9,2,119,19114
2,2,10-14,1,151,21794
2,2,10-14,2,138,23194
2,2,15-19,1,162,18752
2,2,15-19,2,160,19768
2,2,20-24,1,148,15746
2,2,20-24,2,149,17634
2,2,25-29,1,120,14843
2,2,25-29,2,131,16727
2,2,30-34,1,135,17692
2,2,30-34,2,128,18868
2,2,35-39,1,87,13246
2,2,35-39,2,108,15222
2,2,40-44,1,53,6471
2,2,40-44,2,84,11955
2,2,45-49,1,50,5587
2,2,45-49,2,84,9208
2,2,50-54,1,35,3829
2,2,50-54,2,67,9140
2,2,55-59,1,29,4149
2,2,55-59,2,41,5337
2,2,60-64,1,33,4687
2,2,60-64,2,28,4505
2,2,65-69,1,19,2136
2,2,65-69,2,22,2737
2,2,70-74,1,15,2224
2,2,70-74,2,15,1470
2,2,75-79,1,6,691
2,2,75-79,2,16,2243
2,2,80+,1,10,640
2,2,80+,2,8,877
2,3,0-4,1,15,2343
2,3,0-4,2,7,1610
2,3,5-9,1,13,1784
2,3,5-9,2,22,3363
2,3,10-14,1,22,3129
2,3,10-14,2,17,2223
2,3,15-19,1,25,2314
2,3,15-19,2,18,2246
2,3,20-24,1,17,1836
2,3,20-24,2,13,1353
2,3,25-29,1,15,2075
2,3,25-29,2,15,1765
2,3,30-34,1,40,3717
2,3,30-34,2,19,2687
2,3,35-39,1,23,2533
2,3,35-39,2,15,2108
2,3,40-44,1,15,1575
2,3,40-44,2,14,1423
2,3,45-49,1,13,1407
2,3,45-49,2,11,1240
2,3,50-54,1,14,2181
2,3,50-54,2,18,2243
2,3,55-59,1,10,1561
2,3,55-59,2,19,2057
2,3,60-64,1,16,2285
2,3,60-64,2,14,1992
2,3,65-69,1,12,1220
2,3,65-69,2,6,656
2,3,70-74,1,21,2613
2,3,70-74,2,4,341
2,3,75-79,2,5,712
2,3,80+,1,6,473
2,3,80+,2,13,1155
2,4,0-4,1,106,18208
2,4,0-4,2,91,15248
2,4,5-9,1,120,18043
2,4,5-9,2,109,16741
2,4,10-14,1,131,17923
2,4,10-14,2,127,19634
2,4,15-19,1,208,19071
2,4,15-19,2,132,14822
2,4,20-24,1,160,17558
2,4,20-24,2,149,17219
2,4,25-29,1,144,17946
2,4,25-29,2,148,18497
2,4,30-34,1,139,15246
2,4,30-34,2,134,17641
2,4,35-39,1,116,14664
2,4,35-39,2,86,13968
2,4,40-44,1,92,10212
2,4,40-44,2,91,12071
2,4,45-49,1,55,7008
2,4,45-49,2,68,9060
2,4,50-54,1,43,6942
2,4,50-54,2,69,8073
2,4,55-59,1,49,4983
2,4,55-59,2,73,8677
2,4,60-64,1,41,4472
2,4,60-64,2,54,8262
2,4,65-69,1,32,3719
2,4,65-69,2,44,5799
2,4,70-74,1,25,2855
2,4,70-74,2,30,3668
2,4,75-79,1,17,2031
2,4,75-79,2,23,2502
2,4,80+,1,17,1795
2,4,80+,2,31,4004
3,0,0-4,1,767,51050
3,0,0-4,2,718,44293
3,0,5-9,1,1033,62545
3,0,5-9,2,1003,59408
3,0,10-14,1,1137,65518
3,0,10-14,2,1113,61388
3,0,15-19,1,1178,66718
3,0,15-19,2,1103,64279
3,0,20-24,1,903,63039
3,0,20-24,2,760,54417
3,0,25-29,1,863,60235
3,0,25-29,2,759,61775
3,0,30-34,1,980,65571
3,0,30-34,2,853,62378
3,0,35-39,1,974,60251
3,0,35-39,2,874,65863
3,0,40-44,1,928,61191
3,0,40-44,2,857,58623
3,0,45-49,1,832,53166
3,0,45-49,2,822,53482
3,0,50-54,1,901,50122
3,0,50-54,2,887,51504
3,0,55-59,1,938,46558
3,0,55-59,2,991,54158
3,0,60-64,1,1002,50140
3,0,60-64,2,1177,58876
3,0,65-69,1,806,36077
3,0,65-69,2,953,41094
3,0,70-74,1,615,30080
3,0,70-74,2,779,35683
3,0,75-79,1,392,18292
3,0,75-79,2,468,22157
3,0,80+,1,395,18740
3,0,80+,2,547,26103
3,1,0-4,1,259,32420
3,1,0-4,2,229,29350
3,1,5-9,1,360,41022
3,1,5-9,2,312,37454
3,1,10-14,1,389,47562
3,1,10-14,2,392,44598
3,1,15-19,1,521,57103
3,1,15-19,2,526,54730
3,1,20-24,1,490,56055
3,1,20-24,2,428,47962
3,1,25-29,1,467,48317
3,1,25-29,2,399,46178
3,1,30-34,1,447,46936
3,1,30-34,2,422,48156
3,1,35-39,1,417,51598
3,1,35-39,2,342,39409
3,1,40-44,1,400,47290
3,1,40-44,2,393,43233
3,1,45-49,1,374,40675
3,1,45-49,2,378,41905
3,1,50-54,1,306,33345
3,1,50-54,2,335,32626
3,1,55-59,1,297,29726
3,1,55-59,2,262,22081
3,1,60-64,1,219,20468
3,1,60-64,2,232,21098
3,1,65-69,1,155,14088
3,1,65-69,2,168,14049
3,1,70-74,1,104,9559
3,1,70-74,2,105,9618
3,1,75-79,1,55,4436
3,1,75-79,2,54,3604
3,1,80+,1,48,3780
3,1,80+,2,70,5241
3,2,0-4,1,8,1467
3,2,0-4,2,8,1315
3,2,5-9,1,12,1328
3,2,5-9,2,11,1519
3,2,10-14,1,18,2043
3,2,10-14,2,13,2111
3,2,15-19,1,20,2193
3,2,15-19,2,12,1527
3,2,20-24,1,16,1501
3,2,20-24,2,13,1793
3,2,25-29,1,16,2104
3,2,25-29,2,19,1688
3,2,30-34,1,21,3213
3,2,30-34,2,18,2371
3,2,35-39,1,14,1622
3,2,35-39,2,15,1514
3,2,40-44,1,28,3936
3,2,40-44,2,20,2676
3,2,45-49,1,21,3082
3,2,45-49,2,29,3056
3,2,50-54,1,11,1273
3,2,50-54,2,18,2962
3,2,55-59,1,29,4037
3,2,55-59,2,16,2010
3,2,60-64,1,10,1419
3,2,60-64,2,11,1249
3,2,65-69,1,12,1596
3,2,65-69,2,14,1136
3,2,70-74,1,5,1219
3,2,70-74,2,8,605
3,2,75-79,1,3,170
3,2,75-79,2,1,46
3,2,80+,1,3,228
3,2,80+,2,6,652
3,3,0-4,1,3,338
3,3,0-4,2,4,453
3,3,5-9,1,6,782
3,3,5-9,2,2,301
3,3,10-14,1,2,80
3,3,10-14,2,3,264
3,3,15-19,1,1,51
3,3,15-19,2,6,425
3,3,20-24,1,3,768
3,3,20-24,2,3,336
3,3,30-34,1,2,340
3,3,35-39,1,1,139
3,3,35-39,2,3,366
3,3,40-44,1,1,212
3,3,40-44,2,4,295
3,3,45-49,1,2,421
3,3,45-49,2,1,124
3,3,50-54,1,2,122
3,3,50-54,2,2,302
3,3,55-59,1,2,178
3,3,55-59,2,2,298
3,3,60-64,1,1,32
3,3,70-74,1,1,58
3,3,70-74,2,1,139
3,4,0-4,1,97,16304
3,4,0-4,2,92,14441
3,4,5-9,1,103,14326
3,4,5-9,2,101,12792
3,4,10-14,1,112,16130
3,4,10-14,2,121,16674
3,4,15-19,1,205,21653
3,4,15-19,2,151,15414
3,4,20-24,1,179,21616
3,4,20-24,2,134,16462
3,4,25-29,1,163,22325
3,4,25-29,2,134,15253
3,4,30-34,1,165,21603
3,4,30-34,2,137,16435
3,4,35-39,1,146,20773
3,4,35-39,2,140,17952
3,4,40-44,1,158,22172
3,4,40-44,2,134,14472
3,4,45-49,1,117,12818
3,4,45-49,2,93,10481
3,4,50-54,1,85,10090
3,4,50-54,2,101,11675
3,4,55-59,1,78,9796
3,4,55-59,2,66,9333
3,4,60-64,1,58,5825
3,4,60-64,2,69,5789
3,4,65-69,1,47,5003
3,4,65-69,2,65,7038
3,4,70-74,1,27,2173
3,4,70-74,2,35,3097
3,4,75-79,1,17,1845
3,4,75-79,2,19,2166
3,4,80+,1,15,1604
3,4,80+,2,37,3374
4,0,0-4,1,792,74801
4,0,0-4,2,788,70703
4,0,5-9,1,1092,106694
4,0,5-9,2,1024,93318
4,0,10-14,1,1142,108784
4,0,10-14,2,1117,103528
4,0,15-19,1,1456,115006
4,0,15-19,2,1688,124522
4,0,20-24,1,1675,134220
4,0,20-24,2,1767,148280
4,0,25-29,1,1766,163092
4,0,25-29,2,1845,174308
4,0,30-34,1,1950,189653
4,0,30-34,2,2122,193639
4,0,35-39,1,1680,164802
4,0,35-39,2,2037,191010
4,0,40-44,1,1477,143099
4,0,40-44,2,1823,169118
4,0,45-49,1,1443,133452
4,0,45-49,2,1935,168197
4,0,50-54,1,1601,140295
4,0,50-54,2,2102,179502
4,0,55-59,1,1516,127896
4,0,55-59,2,2085,167983
4,0,60-64,1,1638,136649
4,0,60-64,2,1923,153921
4,0,65-69,1,1490,126148
4,0,65-69,2,1642,140841
4,0,70-74,1,1167,97667
4,0,70-74,2,1446,117754
4,0,75-79,1,753,62026
4,0,75-79,2,804,69035
4,0,80+,1,864,74859
4,0,80+,2,1109,97910
4,1,0-4,1,4,461
4,1,0-4,2,12,2253
4,1,5-9,1,4,354
4,1,5-9,2,4,340
4,1,10-14,1,5,173
4,1,10-14,2,15,1976
4,1,15-19,1,15,1939
4,1,15-19,2,14,836
4,1,20-24,1,11,1332
4,1,20-24,2,5,416
4,1,25-29,1,6,456
4,1,25-29,2,11,1143
4,1,30-34,1,11,1180
4,1,30-34,2,10,793
4,1,35-39,1,2,292
4,1,35-39,2,3,537
4,1,40-44,1,4,797
4,1,40-44,2,4,726
4,1,45-49,1,4,463
4,1,45-49,2,3,405
4,1,50-54,2,2,188
4,1,55-59,1,2,125
4,1,55-59,2,2,77
4,1,60-64,1,1,65
4,1,60-64,2,6,484
4,1,65-69,1,2,373
4,1,65-69,2,1,65
4,1,70-74,2,1,226
4,1,75-79,1,2,145
4,1,75-79,2,2,88
4,1,80+,1,1,81
4,1,80+,2,1,163
4,2,0-4,1,1,687
4,2,5-9,1,1,99
4,2,5-9,2,1,267
4,2,10-14,1,1,99
4,2,15-19,1,6,331
4,2,20-24,2,3,443
4,2,25-29,1,1,71
4,2,25-29,2,3,267
4,2,30-34,1,4,647
4,2,30-34,2,2,331
4,2,35-39,2,3,197
4,2,40-44,2,5,474
4,2,50-54,2,1,16
4,2,55-59,2,2,198
4,2,60-64,2,2,94
4,2,65-69,1,1,173
4,2,70-74,2,1,68
4,2,80+,2,1,209
4,3,5-9,1,2,65
4,3,5-9,2,1,190
4,3,10-14,2,1,201
4,3,15-19,1,1,202
4,3,15-19,2,2,199
4,3,20-24,1,3,379
4,3,20-24,2,1,127
4,3,25-29,1,1,51
4,3,30-34,2,2,159
4,3,35-39,1,1,475
4,3,35-39,2,2,639
4,3,40-44,1,1,34
4,3,45-49,2,1,47
4,3,50-54,1,2,433
4,3,50-54,2,3,244
4,3,60-64,2,1,93
4,3,70-74,1,1,147
4,3,70-74,2,3,216
4,3,75-79,1,1,40
4,3,75-79,2,1,103
4,3,80+,2,4,328
4,4,0-4,1,4,745
4,4,0-4,2,7,995
4,4,5-9,1,3,420
4,4,5-9,2,2,835
4,4,10-14,1,9,793
4,4,10-14,2,4,623
4,4,15-19,1,4,387
4,4,15-19,2,9,599
4,4,20-24,1,8,827
4,4,20-24,2,18,1230
4,4,25-29,1,6,659
4,4,25-29,2,3,391
4,4,30-34,1,4,385
4,4,30-34,2,8,995
4,4,35-39,1,5,664
4,4,35-39,2,9,955
4,4,40-44,1,9,1000
4,4,40-44,2,7,699
4,4,45-49,1,9,1006
4,4,45-49,2,7,586
4,4,50-54,1,5,364
4,4,50-54,2,6,570
4,4,55-59,1,4,600
4,4,55-59,2,4,416
4,4,60-64,1,9,726
4,4,60-64,2,5,244
4,4,65-69,1,1,63
4,4,65-69,2,2,421
4,4,70-74,1,2,174
4,4,75-79,2,2,94
4,4,80+,1,1,42
4,4,80+,2,1,34
5,0,0-4,1,83,7814
5,0,0-4,2,81,8663
5,0,5-9,1,87,7537
5,0,5-9,2,77,6272
5,0,10-14,1,88,7408
5,0,10-14,2,110,12562
5,0,15-19,1,129,10462
5,0,15-19,2,125,8618
5,0,20-24,1,98,7542
5,0,20-24,2,132,11622
5,0,25-29,1,128,12320
5,0,25-29,2,135,12898
5,0,30-34,1,178,17810
5,0,30-34,2,190,18422
5,0,35-39,1,187,20070
5,0,35-39,2,275,28338
5,0,40-44,1,182,18564
5,0,40-44,2,271,24723
5,0,45-49,1,218,20343
5,0,45-49,2,380,33726
5,0,50-54,1,268,23564
5,0,50-54,2,396,36797
5,0,55-59,1,287,25870
5,0,55-59,2,389,29729
5,0,60-64,1,322,27440
5,0,60-64,2,435,34041
5,0,65-69,1,345,27429
5,0,65-69,2,414,33452
5,0,70-74,1,292,24024
5,0,70-74,2,422,31855
5,0,75-79,1,239,18050
5,0,75-79,2,309,25266
5,0,80+,1,301,24209
5,0,80+,2,652,53775
5,1,0-4,1,5,458
5,1,0-4,2,5,703
5,1,5-9,1,2,253
5,1,5-9,2,3,209
5,1,10-14,1,8,625
5,1,10-14,2,5,589
5,1,15-19,1,6,608
5,1,15-19,2,5,343
5,1,20-24,1,8,621
5,1,20-24,2,6,395
5,1,25-29,1,8,1057
5,1,25-29,2,9,950
5,1,30-34,1,10,1006
5,1,30-34,2,8,885
5,1,35-39,1,8,692
5,1,35-39,2,3,196
5,1,40-44,1,3,214
5,1,40-44,2,5,391
5,1,45-49,1,4,619
5,1,45-49,2,6,893
5,1,50-54,2,3,164
5,1,55-59,1,6,860
5,1,55-59,2,4,290
5,1,60-64,1,3,222
5,1,60-64,2,2,108
5,1,65-69,1,5,277
5,1,65-69,2,2,311
5,1,70-74,2,1,56
5,2,5-9,2,1,51
5,2,10-14,2,1,52
5,2,20-24,1,1,36
5,2,25-29,2,1,49
5,2,30-34,1,1,85
5,2,30-34,2,1,210
5,2,35-39,1,1,240
5,2,40-44,2,2,162
5,2,45-49,1,1,42
5,2,50-54,2,1,75
5,2,55-59,1,1,123
5,2,60-64,1,1,89
5,2,60-64,2,1,9
5,2,65-69,2,1,50
5,2,80+,1,1,49
5,3,0-4,1,1,211
5,3,0-4,2,1,121
5,3,15-19,1,2,370
5,3,20-24,2,1,94
5,3,25-29,1,2,377
5,3,25-29,2,1,14
5,3,30-34,1,1,52
5,3,30-34,2,1,51
5,3,55-59,1,1,137
5,3,70-74,1,1,86
5,4,0-4,1,4,410
5,4,0-4,2,1,56
5,4,5-9,2,1,115
5,4,10-14,1,1,138
5,4,10-14,2,1,68
5,4,15-19,1,4,292
5,4,20-24,1,3,242
5,4,20-24,2,2,252
5,4,25-29,1,7,681
5,4,30-34,1,5,545
5,4,30-34,2,2,242
5,4,35-39,1,2,176
5,4,40-44,1,3,277
5,4,40-44,2,4,431
5,4,45-49,1,3,335
5,4,45-49,2,6,499
5,4,50-54,1,4,406
5,4,50-54,2,6,513
5,4,55-59,2,3,237
5,4,60-64,1,1,123
5,4,60-64,2,4,378
5,4,65-69,1,1,148
5,4,65-69,2,2,261
5,4,70-74,1,2,253
5,4,70-74,2,5,477
5,4,75-79,1,4,434
5,4,80+,2,2,147
6,0,0-4,1,3124,370272
6,0,0-4,2,3162,355617
6,0,5-9,1,3902,419233
6,0,5-9,2,3659,392067
6,0,10-14,1,4423,467166
6,0,10-14,2,4147,433429
6,0,15-19,1,5343,473181
6,0,15-19,2,5185,451991
6,0,20-24,1,5069,473398
6,0,20-24,2,4635,440323
6,0,25-29,1,5276,540581
6,0,25-29,2,5117,541255
6,0,30-34,1,5595,624208
6,0,30-34,2,6187,678270
6,0,35-39,1,5686,653423
6,0,35-39,2,6436,692633
6,0,40-44,1,5479,621531
6,0,40-44,2,6548,677641
6,0,45-49,1,5376,543078
6,0,45-49,2,6185,584633
6,0,50-54,1,5146,500754
6,0,50-54,2,5911,542142
6,0,55-59,1,4323,397787
6,0,55-59,2,5067,458878
6,0,60-64,1,3943,357365
6,0,60-64,2,4528,394499
6,0,65-69,1,3180,292317
6,0,65-69,2,4125,368406
6,0,70-74,1,2466,214241
6,0,70-74,2,3399,301536
6,0,75-79,1,1804,163877
6,0,75-79,2,2265,212943
6,0,80+,1,1761,158585
6,0,80+,2,2458,229897
6,1,0-4,1,51,6326
6,1,0-4,2,52,6676
6,1,5-9,1,70,7708
6,1,5-9,2,64,7591
6,1,10-14,1,56,7291
6,1,10-14,2,65,7564
6,1,15-19,1,70,8025
6,1,15-19,2,75,6589
6,1,20-24,1,62,7010
6,1,20-24,2,69,6938
6,1,25-29,1,74,7048
6,1,25-29,2,65,8029
6,1,30-34,1,68,8918
6,1,30-34,2,58,5938
6,1,35-39,1,43,5593
6,1,35-39,2,51,5677
6,1,40-44,1,31,3431
6,1,40-44,2,55,6217
6,1,45-49,1,32,3515
6,1,45-49,2,35,2779
6,1,50-54,1,24,2744
6,1,50-54,2,28,2763
6,1,55-59,1,13,1168
6,1,55-59,2,14,1487
6,1,60-64,1,14,1237
6,1,60-64,2,17,1413
6,1,65-69,1,15,1492
6,1,65-69,2,14,1105
6,1,70-74,1,3,195
6,1,70-74,2,14,897
6,1,75-79,1,4,467
6,1,75-79,2,10,805
6,1,80+,1,6,606
6,1,80+,2,8,361
6,2,0-4,1,19,2248
6,2,0-4,2,10,1454
6,2,5-9,1,14,2058
6,2,5-9,2,12,1122
6,2,10-14,1,18,1756
6,2,10-14,2,22,2894
6,2,15-19,1,25,2769
6,2,15-19,2,31,2148
6,2,20-24,1,22,1835
6,2,20-24,2,16,1134
6,2,25-29,1,14,1561
6,2,25-29,2,23,2660
6,2,30-34,1,18,2254
6,2,30-34,2,16,1594
6,2,35-39,1,12,1222
6,2,35-39,2,15,1689
6,2,40-44,1,14,1689
6,2,40-44,2,14,2237
6,2,45-49,1,12,996
6,2,45-49,2,9,813
6,2,50-54,1,7,933
6,2,50-54,2,11,1181
6,2,55-59,1,7,627
6,2,55-59,2,11,973
6,2,60-64,1,8,977
6,2,60-64,2,6,691
6,2,65-69,1,2,244
6,2,65-69,2,10,1152
6,2,70-74,2,4,342
6,2,75-79,1,1,98
6,2,75-79,2,1,306
6,2,80+,1,6,971
6,2,80+,2,3,463
6,3,0-4,1,2,263
6,3,0-4,2,4,403
6,3,5-9,1,4,646
6,3,5-9,2,3,328
6,3,10-14,1,2,153
6,3,10-14,2,2,289
6,3,15-19,1,2,136
6,3,15-19,2,4,282
6,3,20-24,1,11,697
6,3,20-24,2,7,694
6,3,25-29,1,7,1201
6,3,25-29,2,3,480
6,3,30-34,1,6,713
6,3,30-34,2,7,619
6,3,35-39,1,6,647
6,3,35-39,2,3,311
6,3,40-44,1,3,589
6,3,40-44,2,2,157
6,3,45-49,1,1,87
6,3,45-49,2,1,42
6,3,50-54,1,1,40
6,3,50-54,2,4,290
6,3,55-59,1,4,486
6,3,55-59,2,1,176
6,3,60-64,1,1,59
6,3,60-64,2,4,437
6,3,65-69,1,1,67
6,3,65-69,2,2,180
6,3,70-74,1,1,95
6,3,70-74,2,1,212
6,3,75-79,2,1,43
6,3,80+,1,2,136
6,3,80+,2,2,707
6,4,0-4,1,16,2394
6,4,0-4,2,16,2015
6,4,5-9,1,14,1864
6,4,5-9,2,18,1928
6,4,10-14,1,27,3037
6,4,10-14,2,22,2503
6,4,15-19,1,31,2594
6,4,15-19,2,34,2952
6,4,20-24,1,31,3720
6,4,20-24,2,38,4594
6,4,25-29,1,24,2270
6,4,25-29,2,14,1408
6,4,30-34,1,22,2743
6,4,30-34,2,26,3246
6,4,35-39,1,27,2346
6,4,35-39,2,21,2681
6,4,40-44,1,22,2630
6,4,40-44,2,14,2159
6,4,45-49,1,15,2225
6,4,45-49,2,28,2830
6,4,50-54,1,22,2230
6,4,50-54,2,30,2476
6,4,55-59,1,10,812
6,4,55-59,2,27,2693
6,4,60-64,1,11,1158
6,4,60-64,2,20,1410
6,4,65-69,1,5,266
6,4,65-69,2,11,851
6,4,70-74,1,13,1272
6,4,70-74,2,18,2295
6,4,75-79,1,3,227
6,4,75-79,2,10,866
6,4,80+,1,15,1408
6,4,80+,2,16,874
7,0,0-4,1,689,89204
7,0,0-4,2,654,81841
7,0,5-9,1,715,87644
7,0,5-9,2,677,80779
7,0,10-14,1,738,85438
7,0,10-14,2,689,83697
7,0,15-19,1,666,72283
7,0,15-19,2,652,70635
7,0,20-24,1,531,67811
7,0,20-24,2,467,55683
7,0,25-29,1,499,58911
7,0,25-29,2,449,53775
7,0,30-34,1,582,67238
7,0,30-34,2,589,67752
7,0,35-39,1,693,80020
7,0,35-39,2,609,70779
7,0,40-44,1,597,72224
7,0,40-44,2,605,70800
7,0,45-49,1,571,65156
7,0,45-49,2,512,58480
7,0,50-54,1,529,52375
7,0,50-54,2,492,49189
7,0,55-59,1,503,48844
7,0,55-59,2,548,55308
7,0,60-64,1,551,53351
7,0,60-64,2,518,47411
7,0,65-69,1,442,39421
7,0,65-69,2,447,37096
7,0,70-74,1,310,24741
7,0,70-74,2,287,23263
7,0,75-79,1,199,16128
7,0,75-79,2,180,15966
7,0,80+,1,176,14947
7,0,80+,2,216,19255
7,1,0-4,1,3003,437693
7,1,0-4,2,2878,427025
7,1,5-9,1,3641,500473
7,1,5-9,2,3393,477494
7,1,10-14,1,4314,609560
7,1,10-14,2,4124,577532
7,1,15-19,1,4990,614991
7,1,15-19,2,4716,597661
7,1,20-24,1,4941,598478
7,1,20-24,2,4487,561447
7,1,25-29,1,4916,568253
7,1,25-29,2,4331,533963
7,1,30-34,1,4557,573684
7,1,30-34,2,4149,505501
7,1,35-39,1,4161,546474
7,1,35-39,2,3718,469301
7,1,40-44,1,4078,547666
7,1,40-44,2,3783,481674
7,1,45-49,1,3744,474895
7,1,45-49,2,3760,453060
7,1,50-54,1,3551,438829
7,1,50-54,2,3499,383327
7,1,55-59,1,3028,345429
7,1,55-59,2,2972,318530
7,1,60-64,1,2490,279158
7,1,60-64,2,2534,263807
7,1,65-69,1,1983,197902
7,1,65-69,2,1966,192721
7,1,70-74,1,1334,129147
7,1,70-74,2,1419,135060
7,1,75-79,1,825,77273
7,1,75-79,2,954,85327
7,1,80+,1,800,73980
7,1,80+,2,1200,106141
7,2,0-4,1,213,39205
7,2,0-4,2,258,45558
7,2,5-9,1,291,48986
7,2,5-9,2,293,47375
7,2,10-14,1,369,60649
7,2,10-14,2,375,57574
7,2,15-19,1,427,55404
7,2,15-19,2,386,51123
7,2,20-24,1,424,53822
7,2,20-24,2,344,52261
7,2,25-29,1,448,61915
7,2,25-29,2,417,53723
7,2,30-34,1,518,72779
7,2,30-34,2,447,58567
7,2,35-39,1,459,66547
7,2,35-39,2,434,63035
7,2,40-44,1,440,63353
7,2,40-44,2,442,62094
7,2,45-49,1,462,61041
7,2,45-49,2,476,66475
7,2,50-54,1,443,54686
7,2,50-54,2,427,56925
7,2,55-59,1,402,49610
7,2,55-59,2,434,53299
7,2,60-64,1,371,44098
7,2,60-64,2,407,50322
7,2,65-69,1,315,37989
7,2,65-69,2,370,41777
7,2,70-74,1,203,23845
7,2,70-74,2,265,33788
7,2,75-79,1,142,15371
7,2,75-79,2,182,21243
7,2,80+,1,177,20641
7,2,80+,2,221,25465
7,3,0-4,1,58,9673
7,3,0-4,2,59,7577
7,3,5-9,1,48,7035
7,3,5-9,2,54,6822
7,3,10-14,1,57,6035
7,3,10-14,2,49,6080
7,3,15-19,1,74,7718
7,3,15-19,2,79,9275
7,3,20-24,1,86,8885
7,3,20-24,2,78,8977
7,3,25-29,1,96,11568
7,3,25-29,2,88,12089
7,3,30-34,1,130,17911
7,3,30-34,2,116,14149
7,3,35-39,1,133,19656
7,3,35-39,2,129,15538
7,3,40-44,1,105,12846
7,3,40-44,2,86,10550
7,3,45-49,1,99,13638
7,3,45-49,2,102,12451
7,3,50-54,1,136,15666
7,3,50-54,2,84,10326
7,3,55-59,1,104,11344
7,3,55-59,2,119,12196
7,3,60-64,1,100,10129
7,3,60-64,2,83,7646
7,3,65-69,1,77,7815
7,3,65-69,2,66,6011
7,3,70-74,1,49,4841
7,3,70-74,2,60,5110
7,3,75-79,1,31,2793
7,3,75-79,2,40,3764
7,3,80+,1,59,4640
7,3,80+,2,74,5217
7,4,0-4,1,1371,248580
7,4,0-4,2,1412,247227
7,4,5-9,1,1661,267372
7,4,5-9,2,1561,250789
7,4,10-14,1,1846,278881
7,4,10-14,2,1791,274663
7,4,15-19,1,2280,293275
7,4,15-19,2,2028,263900
7,4,20-24,1,2422,308036
7,4,20-24,2,2087,283466
7,4,25-29,1,2323,296510
7,4,25-29,2,2161,285585
7,4,30-34,1,2284,314457
7,4,30-34,2,2224,285762
7,4,35-39,1,2101,312256
7,4,35-39,2,2035,276910
7,4,40-44,1,2052,307373
7,4,40-44,2,2099,286210
7,4,45-49,1,1686,245419
7,4,45-49,2,1903,246692
7,4,50-54,1,1607,219864
7,4,50-54,2,1709,204656
7,4,55-59,1,1347,176163
7,4,55-59,2,1595,193094
7,4,60-64,1,1162,142964
7,4,60-64,2,1473,173563
7,4,65-69,1,801,91618
7,4,65-69,2,1115,127863
7,4,70-74,1,650,76156
7,4,70-74,2,829,87133
7,4,75-79,1,333,35843
7,4,75-79,2,525,57171
7,4,80+,1,377,39159
7,4,80+,2,719,68820
8,0,0-4,1,6179,691164
8,0,0-4,2,5965,649741
8,0,5-9,1,6695,697265
8,0,5-9,2,6511,675606
8,0,10-14,1,6799,699539
8,0,10-14,2,6459,672943
8,0,15-19,1,6551,636628
8,0,15-19,2,6446,609874
8,0,20-24,1,4806,508192
8,0,20-24,2,4349,463697
8,0,25-29,1,4381,473977
8,0,25-29,2,4384,498357
8,0,30-34,1,4517,477463
8,0,30-34,2,4438,467269
8,0,35-39,1,4209,419915
8,0,35-39,2,4424,440240
8,0,40-44,1,4020,391129
8,0,40-44,2,4109,406640
8,0,45-49,1,3643,334704
8,0,45-49,2,3697,339592
8,0,50-54,1,3466,295352
8,0,50-54,2,3730,322418
8,0,55-59,1,3313,257034
8,0,55-59,2,3837,298832
8,0,60-64,1,3511,263782
8,0,60-64,2,4010,309405
8,0,65-69,1,2981,209735
8,0,65-69,2,3446,246804
8,0,70-74,1,2094,145725
8,0,70-74,2,2537,171722
8,0,75-79,1,1420,94208
8,0,75-79,2,1680,114612
8,0,80+,1,1224,85242
8,0,80+,2,1866,127918
8,1,0-4,1,4112,619557
8,1,0-4,2,3870,579770
8,1,5-9,1,4655,644040
8,1,5-9,2,4492,620187
8,1,10-14,1,5290,723246
8,1,10-14,2,4964,678312
8,1,15-19,1,6099,751259
8,1,15-19,2,5601,687744
8,1,20-24,1,5144,648013
8,1,20-24,2,4556,598104
8,1,25-29,1,4648,565192
8,1,25-29,2,4116,522682
8,1,30-34,1,4444,559175
8,1,30-34,2,4081,525490
8,1,35-39,1,4082,545165
8,1,35-39,2,3955,502824
8,1,40-44,1,3967,527601
8,1,40-44,2,3903,493862
8,1,45-49,1,3768,494503
8,1,45-49,2,3893,468244
8,1,50-54,1,3707,453936
8,1,50-54,2,3992,456172
8,1,55-59,1,3264,377677
8,1,55-59,2,3353,363699
8,1,60-64,1,2820,309008
8,1,60-64,2,3004,300478
8,1,65-69,1,2310,227895
8,1,65-69,2,2556,247816
8,1,70-74,1,1718,163256
8,1,70-74,2,1915,178975
8,1,75-79,1,1001,94285
8,1,75-79,2,1252,115052
8,1,80+,1,995,92796
8,1,80+,2,1568,140275
8,2,0-4,1,552,85837
8,2,0-4,2,552,74979
8,2,5-9,1,660,94543
8,2,5-9,2,564,76640
8,2,10-14,1,747,99341
8,2,10-14,2,683,89717
8,2,15-19,1,763,93099
8,2,15-19,2,713,81899
8,2,20-24,1,650,74911
8,2,20-24,2,592,74184
8,2,25-29,1,609,70610
8,2,25-29,2,526,67099
8,2,30-34,1,595,75354
8,2,30-34,2,579,70050
8,2,35-39,1,600,78970
8,2,35-39,2,526,72960
8,2,40-44,1,561,76290
8,2,40-44,2,533,70592
8,2,45-49,1,546,70257
8,2,45-49,2,522,66427
8,2,50-54,1,504,62380
8,2,50-54,2,555,64014
8,2,55-59,1,510,59654
8,2,55-59,2,573,62277
8,2,60-64,1,530,58828
8,2,60-64,2,524,59828
8,2,65-69,1,434,45322
8,2,65-69,2,502,56929
8,2,70-74,1,275,30880
8,2,70-74,2,326,33222
8,2,75-79,1,196,20742
8,2,75-79,2,285,31337
8,2,80+,1,183,18987
8,2,80+,2,373,38813
8,3,0-4,1,254,39294
8,3,0-4,2,294,43185
8,3,5-9,1,307,36876
8,3,5-9,2,318,37928
8,3,10-14,1,309,35012
8,3,10-14,2,322,37401
8,3,15-19,1,374,39293
8,3,15-19,2,370,41581
8,3,20-24,1,399,45147
8,3,20-24,2,420,47994
8,3,25-29,1,438,51297
8,3,25-29,2,428,47668
8,3,30-34,1,470,55497
8,3,30-34,2,476,55807
8,3,35-39,1,527,67322
8,3,35-39,2,465,52376
8,3,40-44,1,399,48914
8,3,40-44,2,394,44530
8,3,45-49,1,497,63051
8,3,45-49,2,478,53986
8,3,50-54,1,561,66442
8,3,50-54,2,504,54369
8,3,55-59,1,593,69420
8,3,55-59,2,606,60500
8,3,60-64,1,570,57937
8,3,60-64,2,547,53188
8,3,65-69,1,349,38158
8,3,65-69,2,452,42632
8,3,70-74,1,312,33326
8,3,70-74,2,417,38702
8,3,75-79,1,255,23784
8,3,75-79,2,296,27580
8,3,80+,1,375,33072
8,3,80+,2,691,56040
8,4,0-4,1,1776,272272
8,4,0-4,2,1815,276394
8,4,5-9,1,2023,278596
8,4,5-9,2,1900,263001
8,4,10-14,1,2128,284764
8,4,10-14,2,1995,270258
8,4,15-19,1,2434,287738
8,4,15-19,2,2369,275392
8,4,20-24,1,2157,264199
8,4,20-24,2,1904,226907
8,4,25-29,1,2032,245646
8,4,25-29,2,1920,243604
8,4,30-34,1,2086,271182
8,4,30-34,2,1987,250165
8,4,35-39,1,1954,269644
8,4,35-39,2,2083,261014
8,4,40-44,1,1955,264153
8,4,40-44,2,2058,266846
8,4,45-49,1,1822,251807
8,4,45-49,2,2106,252147
8,4,50-54,1,1767,220558
8,4,50-54,2,1961,219270
8,4,55-59,1,1599,190759
8,4,55-59,2,2010,219918
8,4,60-64,1,1435,161864
8,4,60-64,2,1820,182296
8,4,65-69,1,1134,121629
8,4,65-69,2,1407,140036
8,4,70-74,1,825,83315
8,4,70-74,2,1160,117464
8,4,75-79,1,552,53781
8,4,75-79,2,811,77723
8,4,80+,1,580,54289
8,4,80+,2,1065,102363
9,0,0-4,1,786,95424
9,0,0-4,2,713,83161
9,0,5-9,1,750,82813
9,0,5-9,2,727,82255
9,0,10-14,1,807,91652
9,0,10-14,2,735,80842
9,0,15-19,1,766,74439
9,0,15-19,2,771,72170
9,0,20-24,1,459,50457
9,0,20-24,2,475,53620
9,0,25-29,1,400,53418
9,0,25-29,2,422,47294
9,0,30-34,1,428,50375
9,0,30-34,2,479,56284
9,0,35-39,1,368,38510
9,0,35-39,2,414,46228
9,0,40-44,1,316,36821
9,0,40-44,2,356,38320
9,0,45-49,1,272,28078
9,0,45-49,2,324,35499
9,0,50-54,1,234,24643
9,0,50-54,2,312,32400
9,0,55-59,1,218,17795
9,0,55-59,2,284,25050
9,0,60-64,1,201,15799
9,0,60-64,2,272,23661
9,0,65-69,1,177,13194
9,0,65-69,2,229,19316
9,0,70-74,1,109,7691
9,0,70-74,2,154,13327
9,0,75-79,1,87,7028
9,0,75-79,2,114,9241
9,0,80+,1,81,6199
9,0,80+,2,130,11313
9,1,0-4,1,408,52932
9,1,0-4,2,408,56533
9,1,5-9,1,430,53455
9,1,5-9,2,382,46300
9,1,10-14,1,404,51646
9,1,10-14,2,373,44844
9,1,15-19,1,380,36474
9,1,15-19,2,374,42372
9,1,20-24,1,270,27844
9,1,20-24,2,266,29305
9,1,25-29,1,244,23687
9,1,25-29,2,200,21756
9,1,30-34,1,211,23045
9,1,30-34,2,239,27975
9,1,35-39,1,189,22741
9,1,35-39,2,178,17361
9,1,40-44,1,196,19376
9,1,40-44,2,169,17912
9,1,45-49,1,151,15854
9,1,45-49,2,151,15250
9,1,50-54,1,114,12898
9,1,50-54,2,141,14114
9,1,55-59,1,131,12713
9,1,55-59,2,122,10748
9,1,60-64,1,102,10054
9,1,60-64,2,108,8614
9,1,65-69,1,72,5850
9,1,65-69,2,75,5969
9,1,70-74,1,68,6046
9,1,70-74,2,50,4197
9,1,75-79,1,33,2755
9,1,75-79,2,39,2847
9,1,80+,1,25,1702
9,1,80+,2,42,3902
9,2,0-4,1,137,20735
9,2,0-4,2,120,16230
9,2,5-9,1,113,15575
9,2,5-9,2,103,14121
9,2,10-14,1,131,17350
9,2,10-14,2,115,15983
9,2,15-19,1,122,13690
9,2,15-19,2,121,13429
9,2,20-24,1,89,11993
9,2,20-24,2,80,10347
9,2,25-29,1,63,5216
9,2,25-29,2,64,7151
9,2,30-34,1,101,11717
9,2,30-34,2,91,9920
9,2,35-39,1,90,10604
9,2,35-39,2,75,8464
9,2,40-44,1,66,10060
9,2,40-44,2,93,10650
9,2,45-49,1,48,6804
9,2,45-49,2,63,7933
9,2,50-54,1,50,5383
9,2,50-54,2,59,6808
9,2,55-59,1,38,5216
9,2,55-59,2,40,4519
9,2,60-64,1,27,3116
9,2,60-64,2,36,4010
9,2,65-69,1,17,1844
9,2,65-69,2,28,3356
9,2,70-74,1,24,3275
9,2,70-74,2,34,3226
9,2,75-79,1,5,540
9,2,75-79,2,23,2802
9,2,80+,1,7,743
9,2,80+,2,21,2810
9,3,0-4,1,25,3323
9,3,0-4,2,33,3122
9,3,5-9,1,32,3012
9,3,5-9,2,25,2419
9,3,10-14,1,13,1136
9,3,10-14,2,18,1495
9,3,15-19,1,22,1331
9,3,15-19,2,45,2987
9,3,20-24,1,24,2469
9,3,20-24,2,11,1272
9,3,25-29,1,13,1909
9,3,25-29,2,10,1306
9,3,30-34,1,16,2160
9,3,30-34,2,14,1030
9,3,35-39,1,21,2835
9,3,35-39,2,7,1030
9,3,40-44,1,6,647
9,3,40-44,2,7,489
9,3,45-49,1,14,1703
9,3,45-49,2,13,1470
9,3,50-54,1,16,1320
9,3,50-54,2,14,1631
9,3,55-59,1,11,606
9,3,55-59,2,7,959
9,3,60-64,1,6,702
9,3,60-64,2,5,345
9,3,65-69,1,6,382
9,3,65-69,2,6,288
9,3,70-74,1,6,396
9,3,70-74,2,6,788
9,3,75-79,1,3,167
9,3,75-79,2,1,41
9,3,80+,1,5,344
9,3,80+,2,5,468
9,4,0-4,1,309,42045
9,4,0-4,2,259,36530
9,4,5-9,1,267,31324
9,4,5-9,2,268,34520
9,4,10-14,1,279,33517
9,4,10-14,2,268,33535
9,4,15-19,1,245,27176
9,4,15-19,2,256,27396
9,4,20-24,1,207,21080
9,4,20-24,2,173,19958
9,4,25-29,1,149,15968
9,4,25-29,2,145,17845
9,4,30-34,1,194,24096
9,4,30-34,2,163,17766
9,4,35-39,1,153,17242
9,4,35-39,2,170,18855
9,4,40-44,1,135,16060
9,4,40-44,2,143,16702
9,4,45-49,1,128,18639
9,4,45-49,2,131,13093
9,4,50-54,1,118,13394
9,4,50-54,2,122,12617
9,4,55-59,1,81,8936
9,4,55-59,2,124,13756
9,4,60-64,1,80,8768
9,4,60-64,2,91,9121
9,4,65-69,1,55,6450
9,4,65-69,2,78,7406
9,4,70-74,1,51,4726
9,4,70-74,2,67,5844
9,4,75-79,1,33,2855
9,4,75-79,2,42,4297
9,4,80+,1,28,2677
9,4,80+,2,50,4809
