race,ethnicity,age_group_5yr,sex,n_victims,n_offenders,n,weighted,victim_rate_per_100k,offender_rate_per_100k
American Indian or Alaska Native,Not Hispanic/Latino,0-4,Female,1,0,1796,115055,0.8691495371778715,0
American Indian or Alaska Native,Not Hispanic/Latino,0-4,Male,1,0,1924,129314,0.7733114743956572,0
American Indian or Alaska Native,Not Hispanic/Latino,5-9,Male,1,0,2377,150944,0.6624973500106,0
American Indian or Alaska Native,Not Hispanic/Latino,10-14,Female,0,1,2567,156536,0,0.638830684315429
American Indian or Alaska Native,Not Hispanic/Latino,10-14,Male,1,7,2684,165394,0.6046168542994305,4.232317980096013
American Indian or Alaska Native,Not Hispanic/Latino,15-19,Female,3,5,2618,166110,1.8060321473722232,3.010053578953705
American Indian or Alaska Native,Not Hispanic/Latino,15-19,Male,11,24,2842,176399,6.235863015096458,13.605519305664998
American Indian or Alaska Native,Not Hispanic/Latino,20-24,Female,4,3,1796,134980,2.9634019854793303,2.222551489109498
American Indian or Alaska Native,Not Hispanic/Latino,20-24,Male,15,19,2068,151482,9.90216659405078,12.54274435246432
American Indian or Alaska Native,Not Hispanic/Latino,25-29,Female,5,6,1866,148026,3.3777849837190765,4.053341980462892
American Indian or Alaska Native,Not Hispanic/Latino,25-29,Male,14,22,2051,147159,9.51351939059113,14.949816185214631
American Indian or Alaska Native,Not Hispanic/Latino,30-34,Female,8,2,2160,158318,5.053120933816749,1.2632802334541873
American Indian or Alaska Native,Not Hispanic/Latino,30-34,Male,26,21,2362,169001,15.384524351926911,12.425961976556351
American Indian or Alaska Native,Not Hispanic/Latino,35-39,Female,4,8,2342,166567,2.4014360587631405,4.802872117526281
American Indian or Alaska Native,Not Hispanic/Latino,35-39,Male,21,10,2383,149786,14.020001869333582,6.676191366349324
American Indian or Alaska Native,Not Hispanic/Latino,40-44,Female,6,2,2309,162589,3.690286550750666,1.2300955169168886
American Indian or Alaska Native,Not Hispanic/Latino,40-44,Male,8,6,2340,157391,5.082882756955607,3.8121620677167054
American Indian or Alaska Native,Not Hispanic/Latino,45-49,Female,1,2,2097,139751,0.7155583859865046,1.4311167719730091
American Indian or Alaska Native,Not Hispanic/Latino,45-49,Male,4,6,2172,143085,2.7955411119264775,4.193311667889716
American Indian or Alaska Native,Not Hispanic/Latino,50-54,Female,1,1,2349,143733,0.6957344520743323,0.6957344520743323
American Indian or Alaska Native,Not Hispanic/Latino,50-54,Male,6,1,2350,140194,4.279783728262266,0.7132972880437108
American Indian or Alaska Native,Not Hispanic/Latino,55-59,Female,2,2,2617,145302,1.3764435451679948,1.3764435451679948
American Indian or Alaska Native,Not Hispanic/Latino,55-59,Male,5,3,2338,126063,3.9662708328375493,2.3797624997025295
American Indian or Alaska Native,Not Hispanic/Latino,60-64,Female,2,1,2824,152321,1.3130165899646142,0.6565082949823071
American Indian or Alaska Native,Not Hispanic/Latino,60-64,Male,4,2,2584,137871,2.9012627746226545,1.4506313873113272
American Indian or Alaska Native,Not Hispanic/Latino,65-69,Male,2,0,2158,111318,1.7966546290806518,0
American Indian or Alaska Native,Not Hispanic/Latino,70-74,Male,3,1,1550,81864,3.664614482556435,1.221538160852145
American Indian or Alaska Native,Not Hispanic/Latino,80+,Female,1,0,1320,67375,1.4842300556586272,0
American Indian or Alaska Native,Not Hispanic/Latino,Unknown,Female,1,0,NA,NA,NA,NA
American Indian or Alaska Native,Not Hispanic/Latino,Unknown,Male,2,0,NA,NA,NA,NA
American Indian or Alaska Native,Hispanic/Latino,15-19,Female,0,1,1361,141423,0,0.7070985624686225
American Indian or Alaska Native,Hispanic/Latino,15-19,Male,1,3,1381,143883,0.6950091393701827,2.085027418110548
American Indian or Alaska Native,Hispanic/Latino,20-24,Male,1,0,1242,139003,0.7194089336201377,0
American Indian or Alaska Native,Hispanic/Latino,30-34,Male,2,1,1199,136172,1.4687307229092619,0.7343653614546309
American Indian or Alaska Native,Hispanic/Latino,35-39,Male,2,0,1062,130101,1.5372672000983851,0
American Indian or Alaska Native,Hispanic/Latino,40-44,Female,0,1,1027,111387,0,0.8977708350166537
American Indian or Alaska Native,Hispanic/Latino,40-44,Male,1,0,1024,122802,0.814318985032817,0
American Indian or Alaska Native,Hispanic/Latino,60-64,Male,1,0,550,53587,1.8661242465523353,0
American Indian or Alaska Native,Hispanic/Latino,65-69,Male,1,0,407,38550,2.594033722438392,0
American Indian or Alaska Native,NA,0-4,Female,1,0,NA,NA,NA,NA
American Indian or Alaska Native,NA,0-4,Male,1,0,NA,NA,NA,NA
American Indian or Alaska Native,NA,5-9,Male,0,1,NA,NA,NA,NA
American Indian or Alaska Native,NA,10-14,Female,1,0,NA,NA,NA,NA
American Indian or Alaska Native,NA,10-14,Male,2,2,NA,NA,NA,NA
American Indian or Alaska Native,NA,15-19,Female,4,2,NA,NA,NA,NA
American Indian or Alaska Native,NA,15-19,Male,5,18,NA,NA,NA,NA
American Indian or Alaska Native,NA,20-24,Female,1,6,NA,NA,NA,NA
American Indian or Alaska Native,NA,20-24,Male,4,18,NA,NA,NA,NA
American Indian or Alaska Native,NA,25-29,Female,6,3,NA,NA,NA,NA
American Indian or Alaska Native,NA,25-29,Male,5,7,NA,NA,NA,NA
American Indian or Alaska Native,NA,30-34,Female,3,8,NA,NA,NA,NA
American Indian or Alaska Native,NA,30-34,Male,12,12,NA,NA,NA,NA
American Indian or Alaska Native,NA,35-39,Female,3,3,NA,NA,NA,NA
American Indian or Alaska Native,NA,35-39,Male,5,11,NA,NA,NA,NA
American Indian or Alaska Native,NA,40-44,Female,2,1,NA,NA,NA,NA
American Indian or Alaska Native,NA,40-44,Male,11,8,NA,NA,NA,NA
American Indian or Alaska Native,NA,45-49,Female,2,1,NA,NA,NA,NA
American Indian or Alaska Native,NA,45-49,Male,2,1,NA,NA,NA,NA
American Indian or Alaska Native,NA,50-54,Female,0,2,NA,NA,NA,NA
American Indian or Alaska Native,NA,50-54,Male,1,2,NA,NA,NA,NA
American Indian or Alaska Native,NA,55-59,Male,2,1,NA,NA,NA,NA
American Indian or Alaska Native,NA,60-64,Female,1,0,NA,NA,NA,NA
American Indian or Alaska Native,NA,60-64,Male,2,1,NA,NA,NA,NA
American Indian or Alaska Native,NA,65-69,Male,1,0,NA,NA,NA,NA
American Indian or Alaska Native,NA,70-74,Female,1,0,NA,NA,NA,NA
American Indian or Alaska Native,NA,70-74,Male,1,1,NA,NA,NA,NA
American Indian or Alaska Native,NA,75-79,Male,1,1,NA,NA,NA,NA
American Indian or Alaska Native,NA,80+,Male,1,0,NA,NA,NA,NA
American Indian or Alaska Native,NA,Unknown,Female,0,1,NA,NA,NA,NA
American Indian or Alaska Native,NA,Unknown,Male,1,3,NA,NA,NA,NA
Asian,Not Hispanic/Latino,0-4,Female,2,0,6105,627736,0.31860527355448787,0
Asian,Not Hispanic/Latino,0-4,Male,5,0,6220,656781,0.7612887705338613,0
Asian,Not Hispanic/Latino,5-9,Female,1,0,6877,677514,0.14759842601038503,0
Asian,Not Hispanic/Latino,5-9,Male,7,0,7369,733156,0.9547763368232682,0
Asian,Not Hispanic/Latino,10-14,Female,1,0,7403,723385,0.13823897371385915,0
Asian,Not Hispanic/Latino,10-14,Male,3,1,7818,779616,0.3848048269917497,0.1282682756639166
Asian,Not Hispanic/Latino,15-19,Female,5,0,8985,742108,0.6737563804729231,0
Asian,Not Hispanic/Latino,15-19,Male,12,18,8899,758196,1.58270420841049,2.374056312615735
Asian,Not Hispanic/Latino,20-24,Female,2,3,7820,711880,0.28094622689217286,0.42141934033825923
Asian,Not Hispanic/Latino,20-24,Male,13,20,8160,730290,1.7801147489353546,2.7386380752851607
Asian,Not Hispanic/Latino,25-29,Female,8,2,8319,838567,0.9540084453597626,0.23850211133994065
Asian,Not Hispanic/Latino,25-29,Male,13,18,8364,824837,1.5760689687780738,2.1822493413850252
Asian,Not Hispanic/Latino,30-34,Female,7,4,9675,989985,0.707081420425562,0.404046525957464
Asian,Not Hispanic/Latino,30-34,Male,9,8,8834,942045,0.9553683741222554,0.8492163325531159
Asian,Not Hispanic/Latino,35-39,Female,15,3,9740,1008151,1.4878723524551383,0.29757447049102764
Asian,Not Hispanic/Latino,35-39,Male,15,10,8401,924900,1.621796951021732,1.0811979673478214
Asian,Not Hispanic/Latino,40-44,Female,5,2,9458,942252,0.5306436070180801,0.21225744280723202
Asian,Not Hispanic/Latino,40-44,Male,8,4,7836,846784,0.944750963645983,0.4723754818229915
Asian,Not Hispanic/Latino,45-49,Female,5,1,9169,844856,0.5918168303237474,0.1183633660647495
Asian,Not Hispanic/Latino,45-49,Male,11,11,7683,758240,1.4507280016881199,1.4507280016881199
Asian,Not Hispanic/Latino,50-54,Female,7,2,8984,804605,0.8699921079287353,0.24856917369392434
Asian,Not Hispanic/Latino,50-54,Male,7,8,7501,708276,0.9883152895199047,1.1295031880227482
Asian,Not Hispanic/Latino,55-59,Female,8,0,7975,691090,1.1575916306125107,0
Asian,Not Hispanic/Latino,55-59,Male,8,4,6462,581061,1.3767917654084512,0.6883958827042256
Asian,Not Hispanic/Latino,60-64,Female,7,1,7310,615514,1.1372608908976887,0.16246584155681268
Asian,Not Hispanic/Latino,60-64,Male,8,4,6218,543407,1.4721930339506115,0.7360965169753058
Asian,Not Hispanic/Latino,65-69,Female,12,0,6542,573090,2.09391195100246,0
Asian,Not Hispanic/Latino,65-69,Male,8,4,5285,465506,1.7185600185604482,0.8592800092802241
Asian,Not Hispanic/Latino,70-74,Female,5,0,5441,464944,1.075398327540521,0
Asian,Not Hispanic/Latino,70-74,Male,7,2,4115,352326,1.9867963193179046,0.567656091233687
Asian,Not Hispanic/Latino,75-79,Female,2,0,3503,318725,0.6275001960938114,0
Asian,Not Hispanic/Latino,75-79,Male,3,1,2907,252204,1.189513251177618,0.396504417059206
Asian,Not Hispanic/Latino,80+,Female,7,0,4385,394458,1.7745869015205675,0
Asian,Not Hispanic/Latino,80+,Male,1,2,3054,267252,0.3741786778022241,0.7483573556044482
Asian,Not Hispanic/Latino,Unknown,Female,1,0,NA,NA,NA,NA
Asian,Not Hispanic/Latino,Unknown,Male,0,1,NA,NA,NA,NA
Asian,Not Hispanic/Latino,Unknown,NA,0,1,NA,NA,NA,NA
Asian,Hispanic/Latino,15-19,Male,1,0,487,47873,2.0888601090384977,0
Asian,Hispanic/Latino,20-24,Female,1,0,344,38120,2.6232948583420774,0
Asian,Hispanic/Latino,20-24,Male,0,2,378,37200,0,5.376344086021505
Asian,Hispanic/Latino,25-29,Male,1,1,311,30240,3.306878306878307,3.306878306878307
Asian,Hispanic/Latino,45-49,Male,1,0,150,17256,5.795085767269355,0
Asian,Hispanic/Latino,70-74,Male,1,0,48,4331,23.089355806972986,0
Asian,Hispanic/Latino,75-79,Male,1,0,37,2571,38.895371450797356,0
Asian,Hispanic/Latino,Unknown,Male,0,1,NA,NA,NA,NA
Asian,NA,0-4,Male,1,0,NA,NA,NA,NA
Asian,NA,5-9,Female,1,0,NA,NA,NA,NA
Asian,NA,5-9,Male,1,0,NA,NA,NA,NA
Asian,NA,10-14,Female,1,0,NA,NA,NA,NA
Asian,NA,10-14,Male,1,0,NA,NA,NA,NA
Asian,NA,15-19,Male,1,2,NA,NA,NA,NA
Asian,NA,20-24,Female,2,0,NA,NA,NA,NA
Asian,NA,20-24,Male,3,13,NA,NA,NA,NA
Asian,NA,25-29,Female,0,1,NA,NA,NA,NA
Asian,NA,25-29,Male,1,5,NA,NA,NA,NA
Asian,NA,30-34,Female,4,1,NA,NA,NA,NA
Asian,NA,30-34,Male,6,6,NA,NA,NA,NA
Asian,NA,35-39,Female,1,0,NA,NA,NA,NA
Asian,NA,35-39,Male,4,3,NA,NA,NA,NA
Asian,NA,40-44,Female,0,2,NA,NA,NA,NA
Asian,NA,40-44,Male,7,5,NA,NA,NA,NA
Asian,NA,45-49,Female,3,0,NA,NA,NA,NA
Asian,NA,45-49,Male,1,2,NA,NA,NA,NA
Asian,NA,50-54,Female,1,0,NA,NA,NA,NA
Asian,NA,50-54,Male,3,4,NA,NA,NA,NA
Asian,NA,55-59,Female,3,0,NA,NA,NA,NA
Asian,NA,55-59,Male,0,2,NA,NA,NA,NA
Asian,NA,60-64,Female,0,1,NA,NA,NA,NA
Asian,NA,60-64,Male,0,3,NA,NA,NA,NA
Asian,NA,65-69,Female,0,1,NA,NA,NA,NA
Asian,NA,65-69,Male,1,2,NA,NA,NA,NA
Asian,NA,70-74,Male,0,1,NA,NA,NA,NA
Asian,NA,75-79,Male,1,0,NA,NA,NA,NA
Asian,NA,80+,Male,1,0,NA,NA,NA,NA
Asian,NA,Unknown,Male,0,2,NA,NA,NA,NA
Black or African American,Not Hispanic/Latino,0-4,Female,65,0,8029,1483999,4.38005685987659,0
Black or African American,Not Hispanic/Latino,0-4,Male,79,0,8288,1552363,5.089015906717694,0
Black or African American,Not Hispanic/Latino,5-9,Female,23,0,9240,1579834,1.455849158835675,0
Black or African American,Not Hispanic/Latino,5-9,Male,30,0,9576,1609426,1.8640186004202741,0
Black or African American,Not Hispanic/Latino,10-14,Female,36,10,9905,1653620,2.1770418838669103,0.6047338566296973
Black or African American,Not Hispanic/Latino,10-14,Male,99,78,10448,1739426,5.6915327240135545,4.484237903768254
Black or African American,Not Hispanic/Latino,15-19,Female,136,76,12454,1668318,8.151923074617669,4.55548642405105
Black or African American,Not Hispanic/Latino,15-19,Male,885,1166,12946,1775066,49.85730108063587,65.68769837290557
Black or African American,Not Hispanic/Latino,15-19,NA,0,1,NA,NA,NA,NA
Black or African American,Not Hispanic/Latino,20-24,Female,161,138,10409,1602622,10.046037056773212,8.610888905805611
Black or African American,Not Hispanic/Latino,20-24,Male,1043,1131,11615,1618806,64.43020349566285,69.86630887209462
Black or African American,Not Hispanic/Latino,25-29,Female,148,124,9212,1670641,8.858875126373649,7.422300781556301
Black or African American,Not Hispanic/Latino,25-29,Male,916,751,10408,1621183,56.50194950230788,46.32419658977426
Black or African American,Not Hispanic/Latino,25-29,NA,0,1,NA,NA,NA,NA
Black or African American,Not Hispanic/Latino,30-34,Female,141,93,9891,1796295,7.849490200663031,5.1773233238415735
Black or African American,Not Hispanic/Latino,30-34,Male,866,700,11109,1731335,50.01920483326451,40.43122792527154
Black or African American,Not Hispanic/Latino,30-34,NA,0,3,NA,NA,NA,NA
Black or African American,Not Hispanic/Latino,35-39,Female,96,67,9492,1556115,6.169209859168506,4.30559438087802
Black or African American,Not Hispanic/Latino,35-39,Male,561,423,10169,1469115,38.18625499024923,28.7928446717922
Black or African American,Not Hispanic/Latino,35-39,NA,1,0,NA,NA,NA,NA
Black or African American,Not Hispanic/Latino,40-44,Female,106,56,9766,1592260,6.657204225440569,3.517013553062942
Black or African American,Not Hispanic/Latino,40-44,Male,481,332,9944,1460268,32.93915911325866,22.735552651978953
Black or African American,Not Hispanic/Latino,45-49,Female,71,23,9180,1370110,5.182065673559057,1.678697330871244
Black or African American,Not Hispanic/Latino,45-49,Male,319,187,9259,1219555,26.157081886425786,15.333461795490978
Black or African American,Not Hispanic/Latino,50-54,Female,45,24,10313,1378378,3.264706778546959,1.7411769485583781
Black or African American,Not Hispanic/Latino,50-54,Male,223,153,9658,1234389,18.06561788868825,12.394796129907185
Black or African American,Not Hispanic/Latino,55-59,Female,62,10,11407,1303904,4.75495128475716,0.7669276265737355
Black or African American,Not Hispanic/Latino,55-59,Male,192,114,10250,1130291,16.986775971851497,10.085898233286827
Black or African American,Not Hispanic/Latino,55-59,NA,0,1,NA,NA,NA,NA
Black or African American,Not Hispanic/Latino,60-64,Female,23,10,12800,1401016,1.6416657625608846,0.7137677228525584
Black or African American,Not Hispanic/Latino,60-64,Male,124,62,10934,1183708,10.475556471697413,5.237778235848706
Black or African American,Not Hispanic/Latino,65-69,Female,25,9,12193,1172844,2.131570780086695,0.7673654808312104
Black or African American,Not Hispanic/Latino,65-69,Male,86,33,9764,937891,9.1695090367644,3.518532537363084
Black or African American,Not Hispanic/Latino,70-74,Female,23,2,9814,935644,2.458199913642368,0.21375651422977113
Black or African American,Not Hispanic/Latino,70-74,Male,32,13,7377,684272,4.6765029111230625,1.899829307643744
Black or African American,Not Hispanic/Latino,75-79,Female,8,3,6549,602405,1.3280102256787378,0.49800383462952663
Black or African American,Not Hispanic/Latino,75-79,Male,6,3,4620,409563,1.4649760842654242,0.7324880421327121
Black or African American,Not Hispanic/Latino,80+,Female,11,0,8056,701565,1.567923143258287,0
Black or African American,Not Hispanic/Latino,80+,Male,10,6,4393,380971,2.624871709395203,1.5749230256371218
Black or African American,Not Hispanic/Latino,Unknown,Female,10,12,NA,NA,NA,NA
Black or African American,Not Hispanic/Latino,Unknown,Male,36,278,NA,NA,NA,NA
Black or African American,Not Hispanic/Latino,Unknown,NA,1,23,NA,NA,NA,NA
Black or African American,Hispanic/Latino,0-4,Female,2,0,1178,183577,1.0894610980678407,0
Black or African American,Hispanic/Latino,0-4,Male,2,0,1255,202366,0.9883083126612178,0
Black or African American,Hispanic/Latino,5-9,Female,1,0,1197,169945,0.5884256671276001,0
Black or African American,Hispanic/Latino,10-14,Female,1,0,1196,170546,0.5863520692364523,0
Black or African American,Hispanic/Latino,15-19,Female,1,1,1197,143035,0.699129583668333,0.699129583668333
Black or African American,Hispanic/Latino,15-19,Male,12,25,1367,156135,7.685656643289461,16.01178467351971
Black or African American,Hispanic/Latino,20-24,Female,1,3,1027,119785,0.8348290687481739,2.5044872062445216
Black or African American,Hispanic/Latino,20-24,Male,18,7,1088,132338,13.601535462225513,5.2894860130877
Black or African American,Hispanic/Latino,25-29,Female,0,1,883,109262,0,0.9152312789441891
Black or African American,Hispanic/Latino,25-29,Male,7,16,845,102074,6.857769853243725,15.674902521699945
Black or African American,Hispanic/Latino,30-34,Female,1,0,925,121103,0.8257433754737703,0
Black or African American,Hispanic/Latino,30-34,Male,10,7,928,117633,8.501015871396632,5.950711109977642
Black or African American,Hispanic/Latino,35-39,Female,2,0,729,98582,2.0287679292365746,0
Black or African American,Hispanic/Latino,35-39,Male,9,1,698,87037,10.340429932097843,1.1489366591219827
Black or African American,Hispanic/Latino,40-44,Female,1,0,658,86624,1.1544144809752492,0
Black or African American,Hispanic/Latino,40-44,Male,6,2,556,71508,8.39066957543212,2.7968898584773734
Black or African American,Hispanic/Latino,45-49,Female,1,1,563,71856,1.3916722333556002,1.3916722333556002
Black or African American,Hispanic/Latino,45-49,Male,3,1,471,63544,4.721138109026816,1.5737127030089388
Black or African American,Hispanic/Latino,50-54,Female,0,1,508,64693,0,1.5457622926746326
Black or African American,Hispanic/Latino,50-54,Male,3,3,396,48229,6.220323871529578,6.220323871529578
Black or African American,Hispanic/Latino,50-54,NA,1,0,NA,NA,NA,NA
Black or African American,Hispanic/Latino,55-59,Female,1,0,451,56154,1.7808170388574278,0
Black or African American,Hispanic/Latino,55-59,Male,2,0,343,43812,4.56495937186159,0
Black or African American,Hispanic/Latino,60-64,Male,0,1,287,36667,0,2.72724793410969
Black or African American,Hispanic/Latino,65-69,Male,1,0,240,28678,3.486993514192063,0
Black or African American,Hispanic/Latino,Unknown,Male,2,1,NA,NA,NA,NA
Black or African American,NA,0-4,Female,22,0,NA,NA,NA,NA
Black or African American,NA,0-4,Male,23,3,NA,NA,NA,NA
Black or African American,NA,0-4,NA,1,0,NA,NA,NA,NA
Black or African American,NA,5-9,Female,3,0,NA,NA,NA,NA
Black or African American,NA,5-9,Male,8,0,NA,NA,NA,NA
Black or African American,NA,10-14,Female,4,3,NA,NA,NA,NA
Black or African American,NA,10-14,Male,25,43,NA,NA,NA,NA
Black or African American,NA,15-19,Female,32,38,NA,NA,NA,NA
Black or African American,NA,15-19,Male,233,530,NA,NA,NA,NA
Black or African American,NA,15-19,NA,1,1,NA,NA,NA,NA
Black or African American,NA,20-24,Female,46,65,NA,NA,NA,NA
Black or African American,NA,20-24,Male,254,523,NA,NA,NA,NA
Black or African American,NA,25-29,Female,40,69,NA,NA,NA,NA
Black or African American,NA,25-29,Male,230,361,NA,NA,NA,NA
Black or African American,NA,30-34,Female,43,42,NA,NA,NA,NA
Black or African American,NA,30-34,Male,244,268,NA,NA,NA,NA
Black or African American,NA,35-39,Female,27,43,NA,NA,NA,NA
Black or African American,NA,35-39,Male,163,154,NA,NA,NA,NA
Black or African American,NA,40-44,Female,27,22,NA,NA,NA,NA
Black or African American,NA,40-44,Male,129,129,NA,NA,NA,NA
Black or African American,NA,40-44,NA,1,1,NA,NA,NA,NA
Black or African American,NA,45-49,Female,17,11,NA,NA,NA,NA
Black or African American,NA,45-49,Male,95,91,NA,NA,NA,NA
Black or African American,NA,50-54,Female,20,10,NA,NA,NA,NA
Black or African American,NA,50-54,Male,55,70,NA,NA,NA,NA
Black or African American,NA,50-54,NA,0,1,NA,NA,NA,NA
Black or African American,NA,55-59,Female,10,10,NA,NA,NA,NA
Black or African American,NA,55-59,Male,39,50,NA,NA,NA,NA
Black or African American,NA,60-64,Female,14,2,NA,NA,NA,NA
Black or African American,NA,60-64,Male,39,28,NA,NA,NA,NA
Black or African American,NA,60-64,NA,1,0,NA,NA,NA,NA
Black or African American,NA,65-69,Female,7,3,NA,NA,NA,NA
Black or African American,NA,65-69,Male,22,14,NA,NA,NA,NA
Black or African American,NA,70-74,Female,4,0,NA,NA,NA,NA
Black or African American,NA,70-74,Male,7,5,NA,NA,NA,NA
Black or African American,NA,75-79,Female,6,0,NA,NA,NA,NA
Black or African American,NA,75-79,Male,7,3,NA,NA,NA,NA
Black or African American,NA,80+,Female,1,0,NA,NA,NA,NA
Black or African American,NA,80+,Male,1,3,NA,NA,NA,NA
Black or African American,NA,Unknown,Female,3,10,NA,NA,NA,NA
Black or African American,NA,Unknown,Male,20,223,NA,NA,NA,NA
Black or African American,NA,Unknown,NA,1,13,NA,NA,NA,NA
Native Hawaiian or Other Pacific Islander,Not Hispanic/Latino,10-14,Male,0,1,250,30881,0,3.2382371037207345
Native Hawaiian or Other Pacific Islander,Not Hispanic/Latino,15-19,Female,0,1,271,26738,0,3.739995512005385
Native Hawaiian or Other Pacific Islander,Not Hispanic/Latino,15-19,Male,1,7,281,29962,3.3375609104866166,23.362926373406314
Native Hawaiian or Other Pacific Islander,Not Hispanic/Latino,20-24,Male,3,3,256,30790,9.74342318934719,9.74342318934719
Native Hawaiian or Other Pacific Islander,Not Hispanic/Latino,25-29,Female,1,0,255,32952,3.0347171643602815,0
Native Hawaiian or Other Pacific Islander,Not Hispanic/Latino,25-29,Male,4,1,281,31528,12.687135244861711,3.1717838112154277
Native Hawaiian or Other Pacific Islander,Not Hispanic/Latino,30-34,Female,1,1,239,35153,2.844707421841664,2.844707421841664
Native Hawaiian or Other Pacific Islander,Not Hispanic/Latino,30-34,Male,2,2,282,35994,5.556481635828193,5.556481635828193
Native Hawaiian or Other Pacific Islander,Not Hispanic/Latino,35-39,Female,1,0,244,30052,3.327565553041395,0
Native Hawaiian or Other Pacific Islander,Not Hispanic/Latino,40-44,Male,0,2,248,28979,0,6.901549397839815
Native Hawaiian or Other Pacific Islander,Not Hispanic/Latino,45-49,Male,1,0,200,20172,4.9573666468372,0
Native Hawaiian or Other Pacific Islander,Not Hispanic/Latino,50-54,Female,1,0,195,20877,4.78996024332998,0
Native Hawaiian or Other Pacific Islander,Not Hispanic/Latino,50-54,Male,3,0,185,19423,15.44560572517119,0
Native Hawaiian or Other Pacific Islander,Not Hispanic/Latino,55-59,Male,0,1,205,20222,0,4.945109286915241
Native Hawaiian or Other Pacific Islander,Not Hispanic/Latino,60-64,Male,2,0,224,24714,8.09257910496075,0
Native Hawaiian or Other Pacific Islander,Not Hispanic/Latino,65-69,Female,1,0,162,14010,7.137758743754461,0
Native Hawaiian or Other Pacific Islander,Not Hispanic/Latino,65-69,Male,1,0,163,16874,5.926277112717791,0
Native Hawaiian or Other Pacific Islander,Not Hispanic/Latino,70-74,Male,1,0,101,9293,10.760787689658883,0
Native Hawaiian or Other Pacific Islander,Not Hispanic/Latino,75-79,Female,1,0,91,7913,12.637432073802604,0
Native Hawaiian or Other Pacific Islander,Not Hispanic/Latino,Unknown,NA,0,1,NA,NA,NA,NA
Native Hawaiian or Other Pacific Islander,Hispanic/Latino,15-19,Male,1,2,62,6876,14.543339150668993,29.086678301337987
Native Hawaiian or Other Pacific Islander,Hispanic/Latino,20-24,Male,1,1,78,10852,9.214891264283082,9.214891264283082
Native Hawaiian or Other Pacific Islander,Hispanic/Latino,25-29,Male,1,1,46,5575,17.937219730941703,17.937219730941703
Native Hawaiian or Other Pacific Islander,Hispanic/Latino,35-39,Male,1,2,45,5230,19.120458891013385,38.24091778202677
Native Hawaiian or Other Pacific Islander,Hispanic/Latino,45-49,Male,0,1,21,2479,0,40.338846308995564
Native Hawaiian or Other Pacific Islander,NA,5-9,Female,1,0,NA,NA,NA,NA
Native Hawaiian or Other Pacific Islander,NA,10-14,Female,1,0,NA,NA,NA,NA
Native Hawaiian or Other Pacific Islander,NA,15-19,Female,0,1,NA,NA,NA,NA
Native Hawaiian or Other Pacific Islander,NA,15-19,Male,0,4,NA,NA,NA,NA
Native Hawaiian or Other Pacific Islander,NA,20-24,Female,1,0,NA,NA,NA,NA
Native Hawaiian or Other Pacific Islander,NA,20-24,Male,2,4,NA,NA,NA,NA
Native Hawaiian or Other Pacific Islander,NA,25-29,Female,1,0,NA,NA,NA,NA
Native Hawaiian or Other Pacific Islander,NA,25-29,Male,2,2,NA,NA,NA,NA
Native Hawaiian or Other Pacific Islander,NA,30-34,Male,2,2,NA,NA,NA,NA
Native Hawaiian or Other Pacific Islander,NA,35-39,Male,1,0,NA,NA,NA,NA
Native Hawaiian or Other Pacific Islander,NA,45-49,Male,0,2,NA,NA,NA,NA
Native Hawaiian or Other Pacific Islander,NA,50-54,Male,0,2,NA,NA,NA,NA
Native Hawaiian or Other Pacific Islander,NA,60-64,Female,1,0,NA,NA,NA,NA
Native Hawaiian or Other Pacific Islander,NA,70-74,Female,1,0,NA,NA,NA,NA
White,Not Hispanic/Latino,0-4,Female,44,0,42233,4162937,1.0569460935872919,0
White,Not Hispanic/Latino,0-4,Male,63,0,44433,4412880,1.4276390928373306,0
White,Not Hispanic/Latino,5-9,Female,13,0,47420,4671407,0.2782887468379441,0
White,Not Hispanic/Latino,5-9,Male,26,1,50223,4924080,0.528017416451398,0.020308362171207617
White,Not Hispanic/Latino,5-9,NA,1,0,NA,NA,NA,NA
White,Not Hispanic/Latino,10-14,Female,11,2,50818,4949391,0.2222495656536329,0.040409011937024175
White,Not Hispanic/Latino,10-14,Male,26,13,53720,5213729,0.49868337997621276,0.24934168998810638
White,Not Hispanic/Latino,15-19,Female,55,42,58268,5319971,1.033840222061361,0.7894779877559484
White,Not Hispanic/Latino,15-19,Male,175,229,61269,5642612,3.1014005570469845,4.058404157507197
White,Not Hispanic/Latino,15-19,NA,1,0,NA,NA,NA,NA
White,Not Hispanic/Latino,20-24,Female,102,75,50822,5444309,1.8735159962448862,1.3775852913565338
White,Not Hispanic/Latino,20-24,Male,209,279,54125,5782620,3.6142786487785816,4.824802598130259
White,Not Hispanic/Latino,25-29,Female,82,72,53127,5644353,1.4527794416826871,1.2756112170872373
White,Not Hispanic/Latino,25-29,Male,166,254,55228,5859398,2.833055545979297,4.334916317341816
White,Not Hispanic/Latino,30-34,Female,120,88,61323,6133200,1.9565642731363726,1.4348138003000066
White,Not Hispanic/Latino,30-34,Male,238,265,63505,6287751,3.7851371658960415,4.214543483035508
White,Not Hispanic/Latino,35-39,Female,126,78,62703,6143200,2.051048313582498,1.2696965750748797
White,Not Hispanic/Latino,35-39,Male,240,239,63982,6326314,3.793678277745935,3.777871284921994
White,Not Hispanic/Latino,35-39,NA,1,1,NA,NA,NA,NA
White,Not Hispanic/Latino,40-44,Female,126,63,62316,6064559,2.0776448872869406,1.0388224436434703
White,Not Hispanic/Latino,40-44,Male,223,224,63636,6198769,3.5974884690815228,3.6136207043688837
White,Not Hispanic/Latino,40-44,NA,2,0,NA,NA,NA,NA
White,Not Hispanic/Latino,45-49,Female,98,32,57790,5486090,1.786335987925827,0.5832933838125149
White,Not Hispanic/Latino,45-49,Male,189,150,58820,5606408,3.3711424498538105,2.675509880836357
White,Not Hispanic/Latino,45-49,NA,0,1,NA,NA,NA,NA
White,Not Hispanic/Latino,50-54,Female,90,24,68174,6124781,1.4694402950897347,0.3918507453572626
White,Not Hispanic/Latino,50-54,Male,163,130,67365,6243646,2.6106540953795268,2.0821167631861255
White,Not Hispanic/Latino,55-59,Female,82,25,77928,6439265,1.2734372634143805,0.3882430681141404
White,Not Hispanic/Latino,55-59,Male,181,119,73914,6413510,2.822167580622779,1.8554582436138711
White,Not Hispanic/Latino,60-64,Female,102,13,94645,7520040,1.3563757639587024,0.17287142089669735
White,Not Hispanic/Latino,60-64,Male,142,100,87935,7280018,1.950544627774272,1.3736229773058253
White,Not Hispanic/Latino,65-69,Female,71,6,96333,7025024,1.0106727037516172,0.08540896088041834
White,Not Hispanic/Latino,65-69,Male,109,48,88398,6499567,1.677034793240842,0.738510734638169
White,Not Hispanic/Latino,70-74,Female,55,8,84628,6088896,0.9032836166030754,0.13138670786953827
White,Not Hispanic/Latino,70-74,Male,77,37,76661,5544218,1.3888342774400286,0.6673619255231306
White,Not Hispanic/Latino,75-79,Female,41,7,66045,4627526,0.8860025853987639,0.15126873409247188
White,Not Hispanic/Latino,75-79,Male,43,32,58193,3981764,1.0799233706467788,0.8036639037371377
White,Not Hispanic/Latino,80+,Female,51,2,85968,6009945,0.8485934563461063,0.033278174758670835
White,Not Hispanic/Latino,80+,Male,52,33,60008,4114225,1.2639075403022442,0.8020951698071933
White,Not Hispanic/Latino,Unknown,Female,11,1,NA,NA,NA,NA
White,Not Hispanic/Latino,Unknown,Male,12,13,NA,NA,NA,NA
White,Not Hispanic/Latino,Unknown,NA,0,1,NA,NA,NA,NA
White,Hispanic/Latino,0-4,Female,25,0,9191,1318356,1.8963011508272425,0
White,Hispanic/Latino,0-4,Male,35,0,9510,1387252,2.522973475619426,0
White,Hispanic/Latino,5-9,Female,8,0,10058,1350277,0.5924710263153412,0
White,Hispanic/Latino,5-9,Male,8,0,10603,1410156,0.567313119966869,0
White,Hispanic/Latino,10-14,Female,17,3,11015,1451618,1.1711069992243137,0.2066659410395848
White,Hispanic/Latino,10-14,Male,27,42,11745,1537105,1.7565488369369693,2.732409301901952
White,Hispanic/Latino,15-19,Female,68,40,13036,1502608,4.525465058085675,2.662038269462162
White,Hispanic/Latino,15-19,Male,326,533,13465,1569284,20.773805123865404,33.96453414423393
White,Hispanic/Latino,15-19,NA,1,0,NA,NA,NA,NA
White,Hispanic/Latino,20-24,Female,86,67,11238,1377594,6.242768188595478,4.863551960882524
White,Hispanic/Latino,20-24,Male,316,414,11975,1423254,22.20264267657073,29.08827236740596
White,Hispanic/Latino,25-29,Female,56,38,10551,1284341,4.360212747237688,2.9587157927684316
White,Hispanic/Latino,25-29,Male,264,281,11094,1312239,20.11828637923427,21.4137820930486
White,Hispanic/Latino,30-34,Female,70,28,10290,1275816,5.486684600287189,2.1946738401148753
White,Hispanic/Latino,30-34,Male,289,213,10649,1301399,22.20687122089382,16.367001972492677
White,Hispanic/Latino,35-39,Female,49,30,9839,1212843,4.040094224891433,2.4735270764641424
White,Hispanic/Latino,35-39,Male,212,174,9964,1299451,16.314582081201983,13.390270198722384
White,Hispanic/Latino,40-44,Female,39,10,9250,1152235,3.3847262060256806,0.8678785143655592
White,Hispanic/Latino,40-44,Male,174,119,9281,1199638,14.504375486605126,9.919659097160977
White,Hispanic/Latino,45-49,Female,31,8,9210,1081375,2.8667206103340654,0.7397988671829846
White,Hispanic/Latino,45-49,Male,107,76,8744,1118484,9.566520397251994,6.794911684029454
White,Hispanic/Latino,50-54,Female,24,6,9029,998247,2.404214588173067,0.6010536470432668
White,Hispanic/Latino,50-54,Male,98,66,8378,1003312,9.767649544707927,6.578212958680849
White,Hispanic/Latino,55-59,Female,23,2,8494,890745,2.5821082352412867,0.2245311508905467
White,Hispanic/Latino,55-59,Male,53,25,7571,862004,6.148463348197921,2.900218560470717
White,Hispanic/Latino,60-64,Female,17,2,7703,758546,2.2411297403189785,0.26366232239046805
White,Hispanic/Latino,60-64,Male,28,12,6924,734956,3.809751876302799,1.632750804129771
White,Hispanic/Latino,65-69,Female,7,1,6415,611160,1.1453629164212318,0.16362327377446167
White,Hispanic/Latino,65-69,Male,25,10,5539,548605,4.5570127869778805,1.8228051147911521
White,Hispanic/Latino,70-74,Female,8,0,5105,477853,1.6741550225697024,0
White,Hispanic/Latino,70-74,Male,7,2,4141,391528,1.7878670235589793,0.5108191495882798
White,Hispanic/Latino,75-79,Female,2,0,3601,330874,0.6044597036938533,0
White,Hispanic/Latino,75-79,Male,6,2,2768,257585,2.3293281829299066,0.7764427276433022
White,Hispanic/Latino,80+,Female,2,0,5091,442149,0.4523362034065439,0
White,Hispanic/Latino,80+,Male,8,3,2972,264882,3.0202127739899276,1.132579790246223
White,Hispanic/Latino,Unknown,Female,7,6,NA,NA,NA,NA
White,Hispanic/Latino,Unknown,Male,10,66,NA,NA,NA,NA
White,Hispanic/Latino,Unknown,NA,0,3,NA,NA,NA,NA
White,NA,0-4,Female,23,0,NA,NA,NA,NA
White,NA,0-4,Male,29,0,NA,NA,NA,NA
White,NA,0-4,NA,1,0,NA,NA,NA,NA
White,NA,5-9,Female,5,0,NA,NA,NA,NA
White,NA,5-9,Male,12,0,NA,NA,NA,NA
White,NA,10-14,Female,9,2,NA,NA,NA,NA
White,NA,10-14,Male,13,17,NA,NA,NA,NA
White,NA,15-19,Female,37,34,NA,NA,NA,NA
White,NA,15-19,Male,94,267,NA,NA,NA,NA
White,NA,20-24,Female,43,57,NA,NA,NA,NA
White,NA,20-24,Male,83,239,NA,NA,NA,NA
White,NA,25-29,Female,41,52,NA,NA,NA,NA
White,NA,25-29,Male,91,218,NA,NA,NA,NA
White,NA,25-29,NA,1,0,NA,NA,NA,NA
White,NA,30-34,Female,57,55,NA,NA,NA,NA
White,NA,30-34,Male,99,213,NA,NA,NA,NA
White,NA,35-39,Female,52,52,NA,NA,NA,NA
White,NA,35-39,Male,96,189,NA,NA,NA,NA
White,NA,35-39,NA,1,0,NA,NA,NA,NA
White,NA,40-44,Female,60,36,NA,NA,NA,NA
White,NA,40-44,Male,96,144,NA,NA,NA,NA
White,NA,45-49,Female,33,25,NA,NA,NA,NA
White,NA,45-49,Male,77,111,NA,NA,NA,NA
White,NA,50-54,Female,35,27,NA,NA,NA,NA
White,NA,50-54,Male,64,87,NA,NA,NA,NA
White,NA,55-59,Female,32,15,NA,NA,NA,NA
White,NA,55-59,Male,86,78,NA,NA,NA,NA
White,NA,60-64,Female,34,9,NA,NA,NA,NA
White,NA,60-64,Male,59,48,NA,NA,NA,NA
White,NA,65-69,Female,22,12,NA,NA,NA,NA
White,NA,65-69,Male,42,28,NA,NA,NA,NA
White,NA,70-74,Female,20,1,NA,NA,NA,NA
White,NA,70-74,Male,24,30,NA,NA,NA,NA
White,NA,75-79,Female,16,4,NA,NA,NA,NA
White,NA,75-79,Male,19,15,NA,NA,NA,NA
White,NA,80+,Female,26,2,NA,NA,NA,NA
White,NA,80+,Male,13,14,NA,NA,NA,NA
White,NA,Unknown,Female,2,4,NA,NA,NA,NA
White,NA,Unknown,Male,12,31,NA,NA,NA,NA
White,NA,Unknown,NA,1,1,NA,NA,NA,NA
NA,Not Hispanic/Latino,0-4,Female,4,0,654,81841,4.887525812245696,0
NA,Not Hispanic/Latino,0-4,Male,4,0,689,89204,4.484103851845209,0
NA,Not Hispanic/Latino,0-4,NA,1,0,NA,NA,NA,NA
NA,Not Hispanic/Latino,5-9,Female,1,0,677,80779,1.2379455056388418,0
NA,Not Hispanic/Latino,10-14,Female,1,1,689,83697,1.1947859540963237,1.1947859540963237
NA,Not Hispanic/Latino,10-14,Male,1,0,738,85438,1.1704393829443573,0
NA,Not Hispanic/Latino,10-14,NA,0,1,NA,NA,NA,NA
NA,Not Hispanic/Latino,15-19,Female,3,0,652,70635,4.247186239116585,0
NA,Not Hispanic/Latino,15-19,Male,3,5,666,72283,4.150353471770679,6.917255786284466
NA,Not Hispanic/Latino,20-24,Female,4,2,467,55683,7.183521002819532,3.591760501409766
NA,Not Hispanic/Latino,20-24,Male,6,13,531,67811,8.848121986108447,19.170930969901637
NA,Not Hispanic/Latino,20-24,NA,0,2,NA,NA,NA,NA
NA,Not Hispanic/Latino,25-29,Female,0,3,449,53775,0,5.578800557880056
NA,Not Hispanic/Latino,25-29,Male,4,8,499,58911,6.789903413623942,13.579806827247884
NA,Not Hispanic/Latino,25-29,NA,0,5,NA,NA,NA,NA
NA,Not Hispanic/Latino,30-34,Female,3,1,589,67752,4.427913567127169,1.4759711890423899
NA,Not Hispanic/Latino,30-34,Male,3,3,582,67238,4.461762693714864,4.461762693714864
NA,Not Hispanic/Latino,35-39,Male,5,3,693,80020,6.248437890527368,3.749062734316421
NA,Not Hispanic/Latino,40-44,Female,1,0,605,70800,1.4124293785310735,0
NA,Not Hispanic/Latino,40-44,Male,2,2,597,72224,2.769162605228179,2.769162605228179
NA,Not Hispanic/Latino,45-49,Female,1,0,512,58480,1.7099863201094392,0
NA,Not Hispanic/Latino,45-49,Male,0,5,571,65156,0,7.673890355454601
NA,Not Hispanic/Latino,50-54,Female,1,0,492,49189,2.0329748521010798,0
NA,Not Hispanic/Latino,50-54,Male,5,3,529,52375,9.546539379474941,5.727923627684964
NA,Not Hispanic/Latino,55-59,Male,2,1,503,48844,4.094668741298829,2.0473343706494145
NA,Not Hispanic/Latino,60-64,Female,1,0,518,47411,2.1092151610385774,0
NA,Not Hispanic/Latino,60-64,Male,1,2,551,53351,1.8743791119191766,3.748758223838353
NA,Not Hispanic/Latino,65-69,Female,1,0,447,37096,2.695708432175976,0
NA,Not Hispanic/Latino,65-69,Male,1,1,442,39421,2.5367190076355244,2.5367190076355244
NA,Not Hispanic/Latino,70-74,Male,2,0,310,24741,8.083747625399134,0
NA,Not Hispanic/Latino,75-79,Male,1,0,199,16128,6.200396825396825,0
NA,Not Hispanic/Latino,80+,Female,2,0,216,19255,10.38691249026227,0
NA,Not Hispanic/Latino,80+,NA,0,1,NA,NA,NA,NA
NA,Not Hispanic/Latino,Unknown,Female,0,1,NA,NA,NA,NA
NA,Not Hispanic/Latino,Unknown,Male,0,4,NA,NA,NA,NA
NA,Not Hispanic/Latino,Unknown,NA,2,26,NA,NA,NA,NA
NA,Hispanic/Latino,0-4,Male,2,0,4645,735151,0.27205295238665256,0
NA,Hispanic/Latino,0-4,NA,1,0,NA,NA,NA,NA
NA,Hispanic/Latino,5-9,Female,1,0,5301,782480,0.12779879357938861,0
NA,Hispanic/Latino,5-9,Male,4,0,5641,823866,0.4855158484510831,0
NA,Hispanic/Latino,10-14,Female,2,1,6339,915849,0.2183766101180435,0.10918830505902175
NA,Hispanic/Latino,10-14,Male,3,2,6586,955125,0.3140950137416569,0.20939667582777122
NA,Hispanic/Latino,15-19,Female,3,2,7209,921959,0.3253940793462616,0.21692938623084107
NA,Hispanic/Latino,15-19,Male,10,7,7771,971388,1.0294547595811356,0.7206183317067948
NA,Hispanic/Latino,15-19,NA,0,1,NA,NA,NA,NA
NA,Hispanic/Latino,20-24,Female,6,1,6996,906151,0.6621412987460148,0.1103568831243358
NA,Hispanic/Latino,20-24,Male,21,19,7873,969221,2.166688505511127,1.9603372192719721
NA,Hispanic/Latino,25-29,Female,3,1,6997,885360,0.3388452155055571,0.11294840516851902
NA,Hispanic/Latino,25-29,Male,31,12,7783,938246,3.3040375338663845,1.2789822711740844
NA,Hispanic/Latino,30-34,Female,3,0,6936,863979,0.3472306618563646,0
NA,Hispanic/Latino,30-34,Male,22,5,7489,978831,2.2475789998477773,0.5108134090563131
NA,Hispanic/Latino,35-39,Female,1,0,6316,824784,0.12124386506042795,0
NA,Hispanic/Latino,35-39,Male,22,7,6854,944933,2.3282073967148995,0.7407932625911043
NA,Hispanic/Latino,35-39,NA,0,1,NA,NA,NA,NA
NA,Hispanic/Latino,40-44,Female,3,0,6410,840528,0.35691850836616984,0
NA,Hispanic/Latino,40-44,Male,13,4,6675,931238,1.3959911429731175,0.4295357362994208
NA,Hispanic/Latino,45-49,Female,1,0,6241,778678,0.12842278836695015,0
NA,Hispanic/Latino,45-49,Male,10,4,5991,794993,1.2578727108289005,0.5031490843315601
NA,Hispanic/Latino,50-54,Male,8,6,5737,729045,1.0973259538162938,0.8229944653622204
NA,Hispanic/Latino,50-54,NA,1,1,NA,NA,NA,NA
NA,Hispanic/Latino,55-59,Male,6,3,4881,582546,1.029961582432975,0.5149807912164875
NA,Hispanic/Latino,60-64,Male,6,2,4123,476349,1.259580685589767,0.41986022852992244
NA,Hispanic/Latino,65-69,Male,2,1,3176,335324,0.5964380718350014,0.2982190359175007
NA,Hispanic/Latino,70-74,Female,2,0,2573,261091,0.7660164463731036,0
NA,Hispanic/Latino,75-79,Female,1,0,1701,167505,0.5969971045640429,0
NA,Hispanic/Latino,75-79,Male,1,0,1331,131280,0.7617306520414381,0
NA,Hispanic/Latino,80+,Male,3,0,1413,138420,2.167316861725184,0
NA,Hispanic/Latino,Unknown,Female,1,0,NA,NA,NA,NA
NA,Hispanic/Latino,Unknown,Male,0,25,NA,NA,NA,NA
NA,Hispanic/Latino,Unknown,NA,0,4,NA,NA,NA,NA
NA,NA,0-4,Female,13,0,NA,NA,NA,NA
NA,NA,0-4,Male,11,0,NA,NA,NA,NA
NA,NA,0-4,NA,4,5,NA,NA,NA,NA
NA,NA,5-9,Female,4,0,NA,NA,NA,NA
NA,NA,5-9,Male,2,0,NA,NA,NA,NA
NA,NA,10-14,Female,6,0,NA,NA,NA,NA
NA,NA,10-14,Male,0,3,NA,NA,NA,NA
NA,NA,15-19,Female,10,4,NA,NA,NA,NA
NA,NA,15-19,Male,20,30,NA,NA,NA,NA
NA,NA,15-19,NA,0,39,NA,NA,NA,NA
NA,NA,20-24,Female,7,5,NA,NA,NA,NA
NA,NA,20-24,Male,24,45,NA,NA,NA,NA
NA,NA,20-24,NA,3,32,NA,NA,NA,NA
NA,NA,25-29,Female,10,4,NA,NA,NA,NA
NA,NA,25-29,Male,18,25,NA,NA,NA,NA
NA,NA,25-29,NA,1,16,NA,NA,NA,NA
NA,NA,30-34,Female,6,4,NA,NA,NA,NA
NA,NA,30-34,Male,18,21,NA,NA,NA,NA
NA,NA,30-34,NA,3,19,NA,NA,NA,NA
NA,NA,35-39,Female,9,3,NA,NA,NA,NA
NA,NA,35-39,Male,9,22,NA,NA,NA,NA
NA,NA,35-39,NA,1,11,NA,NA,NA,NA
NA,NA,40-44,Female,10,4,NA,NA,NA,NA
NA,NA,40-44,Male,11,25,NA,NA,NA,NA
NA,NA,40-44,NA,0,6,NA,NA,NA,NA
NA,NA,45-49,Female,3,2,NA,NA,NA,NA
NA,NA,45-49,Male,9,5,NA,NA,NA,NA
NA,NA,45-49,NA,0,15,NA,NA,NA,NA
NA,NA,50-54,Female,9,2,NA,NA,NA,NA
NA,NA,50-54,Male,9,13,NA,NA,NA,NA
NA,NA,50-54,NA,1,52,NA,NA,NA,NA
NA,NA,55-59,Female,5,0,NA,NA,NA,NA
NA,NA,55-59,Male,8,5,NA,NA,NA,NA
NA,NA,55-59,NA,4,20,NA,NA,NA,NA
NA,NA,60-64,Female,7,2,NA,NA,NA,NA
NA,NA,60-64,Male,8,1,NA,NA,NA,NA
NA,NA,60-64,NA,1,0,NA,NA,NA,NA
NA,NA,65-69,Female,4,0,NA,NA,NA,NA
NA,NA,65-69,Male,8,6,NA,NA,NA,NA
NA,NA,70-74,Female,1,0,NA,NA,NA,NA
NA,NA,70-74,Male,1,0,NA,NA,NA,NA
NA,NA,70-74,NA,1,0,NA,NA,NA,NA
NA,NA,75-79,Female,1,0,NA,NA,NA,NA
NA,NA,80+,Female,4,1,NA,NA,NA,NA
NA,NA,80+,Male,1,7,NA,NA,NA,NA
NA,NA,80+,NA,2,11,NA,NA,NA,NA
NA,NA,Unknown,Female,8,7,NA,NA,NA,NA
NA,NA,Unknown,Male,28,200,NA,NA,NA,NA
NA,NA,Unknown,NA,38,4424,NA,NA,NA,NA
