race,age_group_5yr,sex,n_victims,n_offenders
(1) White,0-4,(0) Female,92,0
(1) White,0-4,(1) Male,127,0
(1) White,0-4,NA,1,0
(1) White,5-9,(0) Female,26,0
(1) White,5-9,(1) Male,46,1
(1) White,5-9,NA,1,0
(1) White,10-14,(0) Female,37,7
(1) White,10-14,(1) Male,66,72
(1) White,15-19,(0) Female,160,116
(1) White,15-19,(1) Male,595,1029
(1) White,15-19,NA,2,0
(1) White,20-24,(0) Female,231,199
(1) White,20-24,(1) Male,608,932
(1) White,25-29,(0) Female,179,162
(1) White,25-29,(1) Male,521,753
(1) White,25-29,NA,1,0
(1) White,30-34,(0) Female,247,171
(1) White,30-34,(1) Male,626,691
(1) White,35-39,(0) Female,227,160
(1) White,35-39,(1) Male,548,602
(1) White,35-39,NA,2,1
(1) White,40-44,(0) Female,225,109
(1) White,40-44,(1) Male,493,487
(1) White,40-44,NA,2,0
(1) White,45-49,(0) Female,162,65
(1) White,45-49,(1) Male,373,337
(1) White,45-49,NA,0,1
(1) White,50-54,(0) Female,149,57
(1) White,50-54,(1) Male,325,283
(1) White,55-59,(0) Female,137,42
(1) White,55-59,(1) Male,320,222
(1) White,60-64,(0) Female,153,24
(1) White,60-64,(1) Male,229,160
(1) White,65-69,(0) Female,100,19
(1) White,65-69,(1) Male,176,86
(1) White,70-74,(0) Female,83,9
(1) White,70-74,(1) Male,108,69
(1) White,75-79,(0) Female,59,11
(1) White,75-79,(1) Male,68,49
(1) White,80+,(0) Female,79,4
(1) White,80+,(1) Male,73,50
(1) White,Unknown,(0) Female,20,11
(1) White,Unknown,(1) Male,34,110
(1) White,Unknown,NA,1,5
(2) Black or African American,0-4,(0) Female,89,0
(2) Black or African American,0-4,(1) Male,104,3
(2) Black or African American,0-4,NA,1,0
(2) Black or African American,5-9,(0) Female,27,0
(2) Black or African American,5-9,(1) Male,38,0
(2) Black or African American,10-14,(0) Female,41,13
(2) Black or African American,10-14,(1) Male,124,121
(2) Black or African American,15-19,(0) Female,169,115
(2) Black or African American,15-19,(1) Male,1130,1721
(2) Black or African American,15-19,NA,1,2
(2) Black or African American,20-24,(0) Female,208,206
(2) Black or African American,20-24,(1) Male,1315,1661
(2) Black or African American,25-29,(0) Female,188,194
(2) Black or African American,25-29,(1) Male,1153,1128
(2) Black or African American,25-29,NA,0,1
(2) Black or African American,30-34,(0) Female,185,135
(2) Black or African American,30-34,(1) Male,1120,975
(2) Black or African American,30-34,NA,0,3
(2) Black or African American,35-39,(0) Female,125,110
(2) Black or African American,35-39,(1) Male,733,578
(2) Black or African American,35-39,NA,1,0
(2) Black or African American,40-44,(0) Female,134,78
(2) Black or African American,40-44,(1) Male,616,463
(2) Black or African American,40-44,NA,1,1
(2) Black or African American,45-49,(0) Female,89,35
(2) Black or African American,45-49,(1) Male,417,279
(2) Black or African American,50-54,(0) Female,65,35
(2) Black or African American,50-54,(1) Male,281,226
(2) Black or African American,50-54,NA,1,1
(2) Black or African American,55-59,(0) Female,73,20
(2) Black or African American,55-59,(1) Male,233,164
(2) Black or African American,55-59,NA,0,1
(2) Black or African American,60-64,(0) Female,37,12
(2) Black or African American,60-64,(1) Male,163,91
(2) Black or African American,60-64,NA,1,0
(2) Black or African American,65-69,(0) Female,32,12
(2) Black or African American,65-69,(1) Male,109,47
(2) Black or African American,70-74,(0) Female,27,2
(2) Black or African American,70-74,(1) Male,39,18
(2) Black or African American,75-79,(0) Female,14,3
(2) Black or African American,75-79,(1) Male,13,6
(2) Black or African American,80+,(0) Female,12,0
(2) Black or African American,80+,(1) Male,11,9
(2) Black or African American,Unknown,(0) Female,13,22
(2) Black or African American,Unknown,(1) Male,58,502
(2) Black or African American,Unknown,NA,2,36
(3) American Indian or Alaska Native,0-4,(0) Female,2,0
(3) American Indian or Alaska Native,0-4,(1) Male,2,0
(3) American Indian or Alaska Native,5-9,(1) Male,1,1
(3) American Indian or Alaska Native,10-14,(0) Female,1,1
(3) American Indian or Alaska Native,10-14,(1) Male,3,9
(3) American Indian or Alaska Native,15-19,(0) Female,7,8
(3) American Indian or Alaska Native,15-19,(1) Male,17,45
(3) American Indian or Alaska Native,20-24,(0) Female,5,9
(3) American Indian or Alaska Native,20-24,(1) Male,20,37
(3) American Indian or Alaska Native,25-29,(0) Female,11,9
(3) American Indian or Alaska Native,25-29,(1) Male,19,29
(3) American Indian or Alaska Native,30-34,(0) Female,11,10
(3) American Indian or Alaska Native,30-34,(1) Male,40,34
(3) American Indian or Alaska Native,35-39,(0) Female,7,11
(3) American Indian or Alaska Native,35-39,(1) Male,28,21
(3) American Indian or Alaska Native,40-44,(0) Female,8,4
(3) American Indian or Alaska Native,40-44,(1) Male,20,14
(3) American Indian or Alaska Native,45-49,(0) Female,3,3
(3) American Indian or Alaska Native,45-49,(1) Male,6,7
(3) American Indian or Alaska Native,50-54,(0) Female,1,3
(3) American Indian or Alaska Native,50-54,(1) Male,7,3
(3) American Indian or Alaska Native,55-59,(0) Female,2,2
(3) American Indian or Alaska Native,55-59,(1) Male,7,4
(3) American Indian or Alaska Native,60-64,(0) Female,3,1
(3) American Indian or Alaska Native,60-64,(1) Male,7,3
(3) American Indian or Alaska Native,65-69,(1) Male,4,0
(3) American Indian or Alaska Native,70-74,(0) Female,1,0
(3) American Indian or Alaska Native,70-74,(1) Male,4,2
(3) American Indian or Alaska Native,75-79,(1) Male,1,1
(3) American Indian or Alaska Native,80+,(0) Female,1,0
(3) American Indian or Alaska Native,80+,(1) Male,1,0
(3) American Indian or Alaska Native,Unknown,(0) Female,1,1
(3) American Indian or Alaska Native,Unknown,(1) Male,3,3
(4) Asian,0-4,(0) Female,2,0
(4) Asian,0-4,(1) Male,6,0
(4) Asian,5-9,(0) Female,2,0
(4) Asian,5-9,(1) Male,8,0
(4) Asian,10-14,(0) Female,2,0
(4) Asian,10-14,(1) Male,4,1
(4) Asian,15-19,(0) Female,5,0
(4) Asian,15-19,(1) Male,14,20
(4) Asian,20-24,(0) Female,5,3
(4) Asian,20-24,(1) Male,16,35
(4) Asian,25-29,(0) Female,8,3
(4) Asian,25-29,(1) Male,15,24
(4) Asian,30-34,(0) Female,11,5
(4) Asian,30-34,(1) Male,15,14
(4) Asian,35-39,(0) Female,16,3
(4) Asian,35-39,(1) Male,19,13
(4) Asian,40-44,(0) Female,5,4
(4) Asian,40-44,(1) Male,15,9
(4) Asian,45-49,(0) Female,8,1
(4) Asian,45-49,(1) Male,13,13
(4) Asian,50-54,(0) Female,8,2
(4) Asian,50-54,(1) Male,10,12
(4) Asian,55-59,(0) Female,11,0
(4) Asian,55-59,(1) Male,8,6
(4) Asian,60-64,(0) Female,7,2
(4) Asian,60-64,(1) Male,8,7
(4) Asian,65-69,(0) Female,12,1
(4) Asian,65-69,(1) Male,9,6
(4) Asian,70-74,(0) Female,5,0
(4) Asian,70-74,(1) Male,8,3
(4) Asian,75-79,(0) Female,2,0
(4) Asian,75-79,(1) Male,5,1
(4) Asian,80+,(0) Female,7,0
(4) Asian,80+,(1) Male,2,2
(4) Asian,Unknown,(0) Female,1,0
(4) Asian,Unknown,(1) Male,0,4
(4) Asian,Unknown,NA,0,1
(5) Native Hawaiian or Other Pacific Islander,5-9,(0) Female,1,0
(5) Native Hawaiian or Other Pacific Islander,10-14,(0) Female,1,0
(5) Native Hawaiian or Other Pacific Islander,10-14,(1) Male,0,1
(5) Native Hawaiian or Other Pacific Islander,15-19,(0) Female,0,2
(5) Native Hawaiian or Other Pacific Islander,15-19,(1) Male,2,13
(5) Native Hawaiian or Other Pacific Islander,20-24,(0) Female,1,0
(5) Native Hawaiian or Other Pacific Islander,20-24,(1) Male,6,8
(5) Native Hawaiian or Other Pacific Islander,25-29,(0) Female,2,0
(5) Native Hawaiian or Other Pacific Islander,25-29,(1) Male,7,4
(5) Native Hawaiian or Other Pacific Islander,30-34,(0) Female,1,1
(5) Native Hawaiian or Other Pacific Islander,30-34,(1) Male,4,4
(5) Native Hawaiian or Other Pacific Islander,35-39,(0) Female,1,0
(5) Native Hawaiian or Other Pacific Islander,35-39,(1) Male,2,2
(5) Native Hawaiian or Other Pacific Islander,40-44,(1) Male,0,2
(5) Native Hawaiian or Other Pacific Islander,45-49,(1) Male,1,3
(5) Native Hawaiian or Other Pacific Islander,50-54,(0) Female,1,0
(5) Native Hawaiian or Other Pacific Islander,50-54,(1) Male,3,2
(5) Native Hawaiian or Other Pacific Islander,55-59,(1) Male,0,1
(5) Native Hawaiian or Other Pacific Islander,60-64,(0) Female,1,0
(5) Native Hawaiian or Other Pacific Islander,60-64,(1) Male,2,0
(5) Native Hawaiian or Other Pacific Islander,65-69,(0) Female,1,0
(5) Native Hawaiian or Other Pacific Islander,65-69,(1) Male,1,0
(5) Native Hawaiian or Other Pacific Islander,70-74,(0) Female,1,0
(5) Native Hawaiian or Other Pacific Islander,70-74,(1) Male,1,0
(5) Native Hawaiian or Other Pacific Islander,75-79,(0) Female,1,0
(5) Native Hawaiian or Other Pacific Islander,Unknown,NA,0,1
NA,0-4,(0) Female,17,0
NA,0-4,(1) Male,17,0
NA,0-4,NA,6,5
NA,5-9,(0) Female,6,0
NA,5-9,(1) Male,6,0
NA,10-14,(0) Female,9,2
NA,10-14,(1) Male,4,5
NA,10-14,NA,0,1
NA,15-19,(0) Female,16,6
NA,15-19,(1) Male,33,42
NA,15-19,NA,0,40
NA,20-24,(0) Female,17,8
NA,20-24,(1) Male,51,77
NA,20-24,NA,3,34
NA,25-29,(0) Female,13,8
NA,25-29,(1) Male,53,45
NA,25-29,NA,1,21
NA,30-34,(0) Female,12,5
NA,30-34,(1) Male,43,29
NA,30-34,NA,3,19
NA,35-39,(0) Female,10,3
NA,35-39,(1) Male,36,32
NA,35-39,NA,1,12
NA,40-44,(0) Female,14,4
NA,40-44,(1) Male,26,31
NA,40-44,NA,0,6
NA,45-49,(0) Female,5,2
NA,45-49,(1) Male,19,14
NA,45-49,NA,0,15
NA,50-54,(0) Female,10,2
NA,50-54,(1) Male,22,22
NA,50-54,NA,2,53
NA,55-59,(0) Female,5,0
NA,55-59,(1) Male,16,9
NA,55-59,NA,4,20
NA,60-64,(0) Female,8,2
NA,60-64,(1) Male,15,5
NA,60-64,NA,1,0
NA,65-69,(0) Female,5,0
NA,65-69,(1) Male,11,8
NA,70-74,(0) Female,3,0
NA,70-74,(1) Male,3,0
NA,70-74,NA,1,0
NA,75-79,(0) Female,2,0
NA,75-79,(1) Male,2,0
NA,80+,(0) Female,6,1
NA,80+,(1) Male,4,7
NA,80+,NA,2,12
NA,Unknown,(0) Female,9,8
NA,Unknown,(1) Male,28,229
NA,Unknown,NA,40,4454
